CREATE TABLE `departments` (
  `id` int(10) UNSIGNED NOT NULL AUTO_INCREMENT,
  `description` varchar(191) COLLATE utf8mb4_unicode_ci NOT NULL,
  `active` tinyint(1) NOT NULL DEFAULT 1,
  `created_at` timestamp NULL DEFAULT NULL,
  `updated_at` timestamp NULL DEFAULT NULL,
  `deleted_at` timestamp NULL DEFAULT NULL,
  PRIMARY KEY (`id`)
) ENGINE=InnoDB DEFAULT CHARSET=utf8mb4 COLLATE=utf8mb4_unicode_ci;

INSERT INTO `departments` (`id`, `description`, `active`, `created_at`, `updated_at`, `deleted_at`) VALUES
(1, 'AMAZONAS', 1, NULL, NULL, NULL),
(2, 'ÁNCASH', 1, NULL, NULL, NULL),
(3, 'APURÍMAC', 1, NULL, NULL, NULL),
(4, 'AREQUIPA', 1, NULL, NULL, NULL),
(5, 'AYACUCHO', 1, NULL, NULL, NULL),
(6, 'CAJAMARCA', 1, NULL, NULL, NULL),
(7, 'CALLAO', 1, NULL, NULL, NULL),
(8, 'CUSCO', 1, NULL, NULL, NULL),
(9, 'HUANCAVELICA', 1, NULL, NULL, NULL),
(10, 'HUÁNUCO', 1, NULL, NULL, NULL),
(11, 'ICA', 1, NULL, NULL, NULL),
(12, 'JUNÍN', 1, NULL, NULL, NULL),
(13, 'LA LIBERTAD', 1, NULL, NULL, NULL),
(14, 'LAMBAYEQUE', 1, NULL, NULL, NULL),
(15, 'LIMA', 1, NULL, NULL, NULL),
(16, 'LORETO', 1, NULL, NULL, NULL),
(17, 'MADRE DE DIOS', 1, NULL, NULL, NULL),
(18, 'MOQUEGUA', 1, NULL, NULL, NULL),
(19, 'PASCO', 1, NULL, NULL, NULL),
(20, 'PIURA', 1, NULL, NULL, NULL),
(21, 'PUNO', 1, NULL, NULL, NULL),
(22, 'SAN MARTÍN', 1, NULL, NULL, NULL),
(23, 'TACNA', 1, NULL, NULL, NULL),
(24, 'TUMBES', 1, NULL, NULL, NULL),
(25, 'UCAYALI', 1, NULL, NULL, NULL);


--
-- Estructura de tabla para la tabla `provinces`
--

CREATE TABLE `provinces` (
  `id` int(10) UNSIGNED NOT NULL AUTO_INCREMENT,
  `department_id` int(11) NOT NULL,
  `description` varchar(191) COLLATE utf8mb4_unicode_ci NOT NULL,
  `active` tinyint(1) NOT NULL DEFAULT 1,
  `created_at` timestamp NULL DEFAULT NULL,
  `updated_at` timestamp NULL DEFAULT NULL,
  `deleted_at` timestamp NULL DEFAULT NULL,
  PRIMARY KEY (`id`)
) ENGINE=InnoDB DEFAULT CHARSET=utf8mb4 COLLATE=utf8mb4_unicode_ci;

--
-- Volcado de datos para la tabla `provinces`
--

INSERT INTO `provinces` (`id`, `department_id`, `description`, `active`, `created_at`, `updated_at`, `deleted_at`) VALUES
(101, 1, 'CHACHAPOYAS', 1, NULL, NULL, NULL),
(102, 1, 'BAGUA', 1, NULL, NULL, NULL),
(103, 1, 'BONGARÁ', 1, NULL, NULL, NULL),
(104, 1, 'CONDORCANQUI', 1, NULL, NULL, NULL),
(105, 1, 'LUYA', 1, NULL, NULL, NULL),
(106, 1, 'RODRÍGUEZ DE MENDOZA', 1, NULL, NULL, NULL),
(107, 1, 'UTCUBAMBA', 1, NULL, NULL, NULL),
(201, 2, 'HUARAZ', 1, NULL, NULL, NULL),
(202, 2, 'AIJA', 1, NULL, NULL, NULL),
(203, 2, 'ANTONIO RAYMONDI', 1, NULL, NULL, NULL),
(204, 2, 'ASUNCIÓN', 1, NULL, NULL, NULL),
(205, 2, 'BOLOGNESI', 1, NULL, NULL, NULL),
(206, 2, 'CARHUAZ', 1, NULL, NULL, NULL),
(207, 2, 'CARLOS FERMÍN FITZCARRALD', 1, NULL, NULL, NULL),
(208, 2, 'CASMA', 1, NULL, NULL, NULL),
(209, 2, 'CORONGO', 1, NULL, NULL, NULL),
(210, 2, 'HUARI', 1, NULL, NULL, NULL),
(211, 2, 'HUARMEY', 1, NULL, NULL, NULL),
(212, 2, 'HUAYLAS', 1, NULL, NULL, NULL),
(213, 2, 'MARISCAL LUZURIAGA', 1, NULL, NULL, NULL),
(214, 2, 'OCROS', 1, NULL, NULL, NULL),
(215, 2, 'PALLASCA', 1, NULL, NULL, NULL),
(216, 2, 'POMABAMBA', 1, NULL, NULL, NULL),
(217, 2, 'RECUAY', 1, NULL, NULL, NULL),
(218, 2, 'SANTA', 1, NULL, NULL, NULL),
(219, 2, 'SIHUAS', 1, NULL, NULL, NULL),
(220, 2, 'YUNGAY', 1, NULL, NULL, NULL),
(301, 3, 'ABANCAY', 1, NULL, NULL, NULL),
(302, 3, 'ANDAHUAYLAS', 1, NULL, NULL, NULL),
(303, 3, 'ANTABAMBA', 1, NULL, NULL, NULL),
(304, 3, 'AYMARAES', 1, NULL, NULL, NULL),
(305, 3, 'COTABAMBAS', 1, NULL, NULL, NULL),
(306, 3, 'CHINCHEROS', 1, NULL, NULL, NULL),
(307, 3, 'GRAU', 1, NULL, NULL, NULL),
(401, 4, 'AREQUIPA', 1, NULL, NULL, NULL),
(402, 4, 'CAMANÁ', 1, NULL, NULL, NULL),
(403, 4, 'CARAVELÍ', 1, NULL, NULL, NULL),
(404, 4, 'CASTILLA', 1, NULL, NULL, NULL),
(405, 4, 'CAYLLOMA', 1, NULL, NULL, NULL),
(406, 4, 'CONDESUYOS', 1, NULL, NULL, NULL),
(407, 4, 'ISLAY', 1, NULL, NULL, NULL),
(408, 4, 'LA UNIÒN', 1, NULL, NULL, NULL),
(501, 5, 'HUAMANGA', 1, NULL, NULL, NULL),
(502, 5, 'CANGALLO', 1, NULL, NULL, NULL),
(503, 5, 'HUANCA SANCOS', 1, NULL, NULL, NULL),
(504, 5, 'HUANTA', 1, NULL, NULL, NULL),
(505, 5, 'LA MAR', 1, NULL, NULL, NULL),
(506, 5, 'LUCANAS', 1, NULL, NULL, NULL),
(507, 5, 'PARINACOCHAS', 1, NULL, NULL, NULL),
(508, 5, 'PÀUCAR DEL SARA SARA', 1, NULL, NULL, NULL),
(509, 5, 'SUCRE', 1, NULL, NULL, NULL),
(510, 5, 'VÍCTOR FAJARDO', 1, NULL, NULL, NULL),
(511, 5, 'VILCAS HUAMÁN', 1, NULL, NULL, NULL),
(601, 6, 'CAJAMARCA', 1, NULL, NULL, NULL),
(602, 6, 'CAJABAMBA', 1, NULL, NULL, NULL),
(603, 6, 'CELENDÍN', 1, NULL, NULL, NULL),
(604, 6, 'CHOTA', 1, NULL, NULL, NULL),
(605, 6, 'CONTUMAZÁ', 1, NULL, NULL, NULL),
(606, 6, 'CUTERVO', 1, NULL, NULL, NULL),
(607, 6, 'HUALGAYOC', 1, NULL, NULL, NULL),
(608, 6, 'JAÉN', 1, NULL, NULL, NULL),
(609, 6, 'SAN IGNACIO', 1, NULL, NULL, NULL),
(610, 6, 'SAN MARCOS', 1, NULL, NULL, NULL),
(611, 6, 'SAN MIGUEL', 1, NULL, NULL, NULL),
(612, 6, 'SAN PABLO', 1, NULL, NULL, NULL),
(613, 6, 'SANTA CRUZ', 1, NULL, NULL, NULL),
(701, 7, 'PROV. CONST. DEL CALLAO', 1, NULL, NULL, NULL),
(801, 8, 'CUSCO', 1, NULL, NULL, NULL),
(802, 8, 'ACOMAYO', 1, NULL, NULL, NULL),
(803, 8, 'ANTA', 1, NULL, NULL, NULL),
(804, 8, 'CALCA', 1, NULL, NULL, NULL),
(805, 8, 'CANAS', 1, NULL, NULL, NULL),
(806, 8, 'CANCHIS', 1, NULL, NULL, NULL),
(807, 8, 'CHUMBIVILCAS', 1, NULL, NULL, NULL),
(808, 8, 'ESPINAR', 1, NULL, NULL, NULL),
(809, 8, 'LA CONVENCIÓN', 1, NULL, NULL, NULL),
(810, 8, 'PARURO', 1, NULL, NULL, NULL),
(811, 8, 'PAUCARTAMBO', 1, NULL, NULL, NULL),
(812, 8, 'QUISPICANCHI', 1, NULL, NULL, NULL),
(813, 8, 'URUBAMBA', 1, NULL, NULL, NULL),
(901, 9, 'HUANCAVELICA', 1, NULL, NULL, NULL),
(902, 9, 'ACOBAMBA', 1, NULL, NULL, NULL),
(903, 9, 'ANGARAES', 1, NULL, NULL, NULL),
(904, 9, 'CASTROVIRREYNA', 1, NULL, NULL, NULL),
(905, 9, 'CHURCAMPA', 1, NULL, NULL, NULL),
(906, 9, 'HUAYTARÁ', 1, NULL, NULL, NULL),
(907, 9, 'TAYACAJA', 1, NULL, NULL, NULL),
(1001, 10, 'HUÁNUCO', 1, NULL, NULL, NULL),
(1002, 10, 'AMBO', 1, NULL, NULL, NULL),
(1003, 10, 'DOS DE MAYO', 1, NULL, NULL, NULL),
(1004, 10, 'HUACAYBAMBA', 1, NULL, NULL, NULL),
(1005, 10, 'HUAMALÍES', 1, NULL, NULL, NULL),
(1006, 10, 'LEONCIO PRADO', 1, NULL, NULL, NULL),
(1007, 10, 'MARAÑÓN', 1, NULL, NULL, NULL),
(1008, 10, 'PACHITEA', 1, NULL, NULL, NULL),
(1009, 10, 'PUERTO INCA', 1, NULL, NULL, NULL),
(1010, 10, 'LAURICOCHA ', 1, NULL, NULL, NULL),
(1011, 10, 'YAROWILCA ', 1, NULL, NULL, NULL),
(1101, 11, 'ICA ', 1, NULL, NULL, NULL),
(1102, 11, 'CHINCHA ', 1, NULL, NULL, NULL),
(1103, 11, 'NASCA ', 1, NULL, NULL, NULL),
(1104, 11, 'PALPA ', 1, NULL, NULL, NULL),
(1105, 11, 'PISCO ', 1, NULL, NULL, NULL),
(1201, 12, 'HUANCAYO ', 1, NULL, NULL, NULL),
(1202, 12, 'CONCEPCIÓN ', 1, NULL, NULL, NULL),
(1203, 12, 'CHANCHAMAYO ', 1, NULL, NULL, NULL),
(1204, 12, 'JAUJA ', 1, NULL, NULL, NULL),
(1205, 12, 'JUNÍN ', 1, NULL, NULL, NULL),
(1206, 12, 'SATIPO ', 1, NULL, NULL, NULL),
(1207, 12, 'TARMA ', 1, NULL, NULL, NULL),
(1208, 12, 'YAULI ', 1, NULL, NULL, NULL),
(1209, 12, 'CHUPACA ', 1, NULL, NULL, NULL),
(1301, 13, 'TRUJILLO ', 1, NULL, NULL, NULL),
(1302, 13, 'ASCOPE ', 1, NULL, NULL, NULL),
(1303, 13, 'BOLÍVAR ', 1, NULL, NULL, NULL),
(1304, 13, 'CHEPÉN ', 1, NULL, NULL, NULL),
(1305, 13, 'JULCÁN ', 1, NULL, NULL, NULL),
(1306, 13, 'OTUZCO ', 1, NULL, NULL, NULL),
(1307, 13, 'PACASMAYO ', 1, NULL, NULL, NULL),
(1308, 13, 'PATAZ ', 1, NULL, NULL, NULL),
(1309, 13, 'SÁNCHEZ CARRIÓN ', 1, NULL, NULL, NULL),
(1310, 13, 'SANTIAGO DE CHUCO ', 1, NULL, NULL, NULL),
(1311, 13, 'GRAN CHIMÚ ', 1, NULL, NULL, NULL),
(1312, 13, 'VIRÚ ', 1, NULL, NULL, NULL),
(1401, 14, 'CHICLAYO ', 1, NULL, NULL, NULL),
(1402, 14, 'FERREÑAFE ', 1, NULL, NULL, NULL),
(1403, 14, 'LAMBAYEQUE ', 1, NULL, NULL, NULL),
(1501, 15, 'LIMA ', 1, NULL, NULL, NULL),
(1502, 15, 'BARRANCA ', 1, NULL, NULL, NULL),
(1503, 15, 'CAJATAMBO ', 1, NULL, NULL, NULL),
(1504, 15, 'CANTA ', 1, NULL, NULL, NULL),
(1505, 15, 'CAÑETE ', 1, NULL, NULL, NULL),
(1506, 15, 'HUARAL ', 1, NULL, NULL, NULL),
(1507, 15, 'HUAROCHIRÍ ', 1, NULL, NULL, NULL),
(1508, 15, 'HUAURA ', 1, NULL, NULL, NULL),
(1509, 15, 'OYÓN ', 1, NULL, NULL, NULL),
(1510, 15, 'YAUYOS ', 1, NULL, NULL, NULL),
(1601, 16, 'MAYNAS ', 1, NULL, NULL, NULL),
(1602, 16, 'ALTO AMAZONAS ', 1, NULL, NULL, NULL),
(1603, 16, 'LORETO ', 1, NULL, NULL, NULL),
(1604, 16, 'MARISCAL RAMÓN CASTILLA ', 1, NULL, NULL, NULL),
(1605, 16, 'REQUENA ', 1, NULL, NULL, NULL),
(1606, 16, 'UCAYALI ', 1, NULL, NULL, NULL),
(1607, 16, 'DATEM DEL MARAÑÓN ', 1, NULL, NULL, NULL),
(1608, 16, 'PUTUMAYO', 1, NULL, NULL, NULL),
(1701, 17, 'TAMBOPATA ', 1, NULL, NULL, NULL),
(1702, 17, 'MANU ', 1, NULL, NULL, NULL),
(1703, 17, 'TAHUAMANU ', 1, NULL, NULL, NULL),
(1801, 18, 'MARISCAL NIETO ', 1, NULL, NULL, NULL),
(1802, 18, 'GENERAL SÁNCHEZ CERRO ', 1, NULL, NULL, NULL),
(1803, 18, 'ILO ', 1, NULL, NULL, NULL),
(1901, 19, 'PASCO ', 1, NULL, NULL, NULL),
(1902, 19, 'DANIEL ALCIDES CARRIÓN ', 1, NULL, NULL, NULL),
(1903, 19, 'OXAPAMPA ', 1, NULL, NULL, NULL),
(2001, 20, 'PIURA ', 1, NULL, NULL, NULL),
(2002, 20, 'AYABACA ', 1, NULL, NULL, NULL),
(2003, 20, 'HUANCABAMBA ', 1, NULL, NULL, NULL),
(2004, 20, 'MORROPÓN ', 1, NULL, NULL, NULL),
(2005, 20, 'PAITA ', 1, NULL, NULL, NULL),
(2006, 20, 'SULLANA ', 1, NULL, NULL, NULL),
(2007, 20, 'TALARA ', 1, NULL, NULL, NULL),
(2008, 20, 'SECHURA ', 1, NULL, NULL, NULL),
(2101, 21, 'PUNO ', 1, NULL, NULL, NULL),
(2102, 21, 'AZÁNGARO ', 1, NULL, NULL, NULL),
(2103, 21, 'CARABAYA ', 1, NULL, NULL, NULL),
(2104, 21, 'CHUCUITO ', 1, NULL, NULL, NULL),
(2105, 21, 'EL COLLAO ', 1, NULL, NULL, NULL),
(2106, 21, 'HUANCANÉ ', 1, NULL, NULL, NULL),
(2107, 21, 'LAMPA ', 1, NULL, NULL, NULL),
(2108, 21, 'MELGAR ', 1, NULL, NULL, NULL),
(2109, 21, 'MOHO ', 1, NULL, NULL, NULL),
(2110, 21, 'SAN ANTONIO DE PUTINA ', 1, NULL, NULL, NULL),
(2111, 21, 'SAN ROMÁN ', 1, NULL, NULL, NULL),
(2112, 21, 'SANDIA ', 1, NULL, NULL, NULL),
(2113, 21, 'YUNGUYO ', 1, NULL, NULL, NULL),
(2201, 22, 'MOYOBAMBA ', 1, NULL, NULL, NULL),
(2202, 22, 'BELLAVISTA ', 1, NULL, NULL, NULL),
(2203, 22, 'EL DORADO ', 1, NULL, NULL, NULL),
(2204, 22, 'HUALLAGA ', 1, NULL, NULL, NULL),
(2205, 22, 'LAMAS ', 1, NULL, NULL, NULL),
(2206, 22, 'MARISCAL CÁCERES ', 1, NULL, NULL, NULL),
(2207, 22, 'PICOTA ', 1, NULL, NULL, NULL),
(2208, 22, 'RIOJA ', 1, NULL, NULL, NULL),
(2209, 22, 'SAN MARTÍN ', 1, NULL, NULL, NULL),
(2210, 22, 'TOCACHE ', 1, NULL, NULL, NULL),
(2301, 23, 'TACNA ', 1, NULL, NULL, NULL),
(2302, 23, 'CANDARAVE ', 1, NULL, NULL, NULL),
(2303, 23, 'JORGE BASADRE ', 1, NULL, NULL, NULL),
(2304, 23, 'TARATA ', 1, NULL, NULL, NULL),
(2401, 24, 'TUMBES ', 1, NULL, NULL, NULL),
(2402, 24, 'CONTRALMIRANTE VILLAR ', 1, NULL, NULL, NULL),
(2403, 24, 'ZARUMILLA ', 1, NULL, NULL, NULL),
(2501, 25, 'CORONEL PORTILLO ', 1, NULL, NULL, NULL),
(2502, 25, 'ATALAYA ', 1, NULL, NULL, NULL),
(2503, 25, 'PADRE ABAD ', 1, NULL, NULL, NULL),
(2504, 25, 'PURÚS', 1, NULL, NULL, NULL);

-- --------------------------------------------------------


--
-- Estructura de tabla para la tabla `districts`
--

CREATE TABLE `districts` (
  `id` int(10) UNSIGNED NOT NULL AUTO_INCREMENT,
  `province_id` int(11) NOT NULL,
  `department_id` int(11) NOT NULL,
  `description` varchar(191) COLLATE utf8mb4_unicode_ci NOT NULL,
  `active` tinyint(1) NOT NULL DEFAULT 1,
  `created_at` timestamp NULL DEFAULT NULL,
  `updated_at` timestamp NULL DEFAULT NULL,
  `deleted_at` timestamp NULL DEFAULT NULL,
  PRIMARY KEY (`id`)
) ENGINE=InnoDB DEFAULT CHARSET=utf8mb4 COLLATE=utf8mb4_unicode_ci;



INSERT INTO `districts` (`id`, `province_id`, `department_id`, `description`, `active`, `created_at`, `updated_at`, `deleted_at`) VALUES
(10101, 101, 1, 'CHACHAPOYAS', 1, NULL, NULL, NULL),
(10102, 101, 1, 'ASUNCIÓN', 1, NULL, NULL, NULL),
(10103, 101, 1, 'BALSAS', 1, NULL, NULL, NULL),
(10104, 101, 1, 'CHETO', 1, NULL, NULL, NULL),
(10105, 101, 1, 'CHILIQUIN', 1, NULL, NULL, NULL),
(10106, 101, 1, 'CHUQUIBAMBA', 1, NULL, NULL, NULL),
(10107, 101, 1, 'GRANADA', 1, NULL, NULL, NULL),
(10108, 101, 1, 'HUANCAS', 1, NULL, NULL, NULL),
(10109, 101, 1, 'LA JALCA', 1, NULL, NULL, NULL),
(10110, 101, 1, 'LEIMEBAMBA', 1, NULL, NULL, NULL),
(10111, 101, 1, 'LEVANTO', 1, NULL, NULL, NULL),
(10112, 101, 1, 'MAGDALENA', 1, NULL, NULL, NULL),
(10113, 101, 1, 'MARISCAL CASTILLA', 1, NULL, NULL, NULL),
(10114, 101, 1, 'MOLINOPAMPA', 1, NULL, NULL, NULL),
(10115, 101, 1, 'MONTEVIDEO', 1, NULL, NULL, NULL),
(10116, 101, 1, 'OLLEROS', 1, NULL, NULL, NULL),
(10117, 101, 1, 'QUINJALCA', 1, NULL, NULL, NULL),
(10118, 101, 1, 'SAN FRANCISCO DE DAGUAS', 1, NULL, NULL, NULL),
(10119, 101, 1, 'SAN ISIDRO DE MAINO', 1, NULL, NULL, NULL),
(10120, 101, 1, 'SOLOCO', 1, NULL, NULL, NULL),
(10121, 101, 1, 'SONCHE', 1, NULL, NULL, NULL),
(10201, 102, 1, 'BAGUA', 1, NULL, NULL, NULL),
(10202, 102, 1, 'ARAMANGO', 1, NULL, NULL, NULL),
(10203, 102, 1, 'COPALLIN', 1, NULL, NULL, NULL),
(10204, 102, 1, 'EL PARCO', 1, NULL, NULL, NULL),
(10205, 102, 1, 'IMAZA', 1, NULL, NULL, NULL),
(10206, 102, 1, 'LA PECA', 1, NULL, NULL, NULL),
(10301, 103, 1, 'JUMBILLA', 1, NULL, NULL, NULL),
(10302, 103, 1, 'CHISQUILLA', 1, NULL, NULL, NULL),
(10303, 103, 1, 'CHURUJA', 1, NULL, NULL, NULL),
(10304, 103, 1, 'COROSHA', 1, NULL, NULL, NULL),
(10305, 103, 1, 'CUISPES', 1, NULL, NULL, NULL),
(10306, 103, 1, 'FLORIDA', 1, NULL, NULL, NULL),
(10307, 103, 1, 'JAZAN', 1, NULL, NULL, NULL),
(10308, 103, 1, 'RECTA', 1, NULL, NULL, NULL),
(10309, 103, 1, 'SAN CARLOS', 1, NULL, NULL, NULL),
(10310, 103, 1, 'SHIPASBAMBA', 1, NULL, NULL, NULL),
(10311, 103, 1, 'VALERA', 1, NULL, NULL, NULL),
(10312, 103, 1, 'YAMBRASBAMBA', 1, NULL, NULL, NULL),
(10401, 104, 1, 'NIEVA', 1, NULL, NULL, NULL),
(10402, 104, 1, 'EL CENEPA', 1, NULL, NULL, NULL),
(10403, 104, 1, 'RÍO SANTIAGO', 1, NULL, NULL, NULL),
(10501, 105, 1, 'LAMUD', 1, NULL, NULL, NULL),
(10502, 105, 1, 'CAMPORREDONDO', 1, NULL, NULL, NULL),
(10503, 105, 1, 'COCABAMBA', 1, NULL, NULL, NULL),
(10504, 105, 1, 'COLCAMAR', 1, NULL, NULL, NULL),
(10505, 105, 1, 'CONILA', 1, NULL, NULL, NULL),
(10506, 105, 1, 'INGUILPATA', 1, NULL, NULL, NULL),
(10507, 105, 1, 'LONGUITA', 1, NULL, NULL, NULL),
(10508, 105, 1, 'LONYA CHICO', 1, NULL, NULL, NULL),
(10509, 105, 1, 'LUYA', 1, NULL, NULL, NULL),
(10510, 105, 1, 'LUYA VIEJO', 1, NULL, NULL, NULL),
(10511, 105, 1, 'MARÍA', 1, NULL, NULL, NULL),
(10512, 105, 1, 'OCALLI', 1, NULL, NULL, NULL),
(10513, 105, 1, 'OCUMAL', 1, NULL, NULL, NULL),
(10514, 105, 1, 'PISUQUIA', 1, NULL, NULL, NULL),
(10515, 105, 1, 'PROVIDENCIA', 1, NULL, NULL, NULL),
(10516, 105, 1, 'SAN CRISTÓBAL', 1, NULL, NULL, NULL),
(10517, 105, 1, 'SAN FRANCISCO DE YESO', 1, NULL, NULL, NULL),
(10518, 105, 1, 'SAN JERÓNIMO', 1, NULL, NULL, NULL),
(10519, 105, 1, 'SAN JUAN DE LOPECANCHA', 1, NULL, NULL, NULL),
(10520, 105, 1, 'SANTA CATALINA', 1, NULL, NULL, NULL),
(10521, 105, 1, 'SANTO TOMAS', 1, NULL, NULL, NULL),
(10522, 105, 1, 'TINGO', 1, NULL, NULL, NULL),
(10523, 105, 1, 'TRITA', 1, NULL, NULL, NULL),
(10601, 106, 1, 'SAN NICOLÁS', 1, NULL, NULL, NULL),
(10602, 106, 1, 'CHIRIMOTO', 1, NULL, NULL, NULL),
(10603, 106, 1, 'COCHAMAL', 1, NULL, NULL, NULL),
(10604, 106, 1, 'HUAMBO', 1, NULL, NULL, NULL),
(10605, 106, 1, 'LIMABAMBA', 1, NULL, NULL, NULL),
(10606, 106, 1, 'LONGAR', 1, NULL, NULL, NULL),
(10607, 106, 1, 'MARISCAL BENAVIDES', 1, NULL, NULL, NULL),
(10608, 106, 1, 'MILPUC', 1, NULL, NULL, NULL),
(10609, 106, 1, 'OMIA', 1, NULL, NULL, NULL),
(10610, 106, 1, 'SANTA ROSA', 1, NULL, NULL, NULL),
(10611, 106, 1, 'TOTORA', 1, NULL, NULL, NULL),
(10612, 106, 1, 'VISTA ALEGRE', 1, NULL, NULL, NULL),
(10701, 107, 1, 'BAGUA GRANDE', 1, NULL, NULL, NULL),
(10702, 107, 1, 'CAJARURO', 1, NULL, NULL, NULL),
(10703, 107, 1, 'CUMBA', 1, NULL, NULL, NULL),
(10704, 107, 1, 'EL MILAGRO', 1, NULL, NULL, NULL),
(10705, 107, 1, 'JAMALCA', 1, NULL, NULL, NULL),
(10706, 107, 1, 'LONYA GRANDE', 1, NULL, NULL, NULL),
(10707, 107, 1, 'YAMON', 1, NULL, NULL, NULL),
(20101, 201, 2, 'HUARAZ', 1, NULL, NULL, NULL),
(20102, 201, 2, 'COCHABAMBA', 1, NULL, NULL, NULL),
(20103, 201, 2, 'COLCABAMBA', 1, NULL, NULL, NULL),
(20104, 201, 2, 'HUANCHAY', 1, NULL, NULL, NULL),
(20105, 201, 2, 'INDEPENDENCIA', 1, NULL, NULL, NULL),
(20106, 201, 2, 'JANGAS', 1, NULL, NULL, NULL),
(20107, 201, 2, 'LA LIBERTAD', 1, NULL, NULL, NULL),
(20108, 201, 2, 'OLLEROS', 1, NULL, NULL, NULL),
(20109, 201, 2, 'PAMPAS GRANDE', 1, NULL, NULL, NULL),
(20110, 201, 2, 'PARIACOTO', 1, NULL, NULL, NULL),
(20111, 201, 2, 'PIRA', 1, NULL, NULL, NULL),
(20112, 201, 2, 'TARICA', 1, NULL, NULL, NULL),
(20201, 202, 2, 'AIJA', 1, NULL, NULL, NULL),
(20202, 202, 2, 'CORIS', 1, NULL, NULL, NULL),
(20203, 202, 2, 'HUACLLAN', 1, NULL, NULL, NULL),
(20204, 202, 2, 'LA MERCED', 1, NULL, NULL, NULL),
(20205, 202, 2, 'SUCCHA', 1, NULL, NULL, NULL),
(20301, 203, 2, 'LLAMELLIN', 1, NULL, NULL, NULL),
(20302, 203, 2, 'ACZO', 1, NULL, NULL, NULL),
(20303, 203, 2, 'CHACCHO', 1, NULL, NULL, NULL),
(20304, 203, 2, 'CHINGAS', 1, NULL, NULL, NULL),
(20305, 203, 2, 'MIRGAS', 1, NULL, NULL, NULL),
(20306, 203, 2, 'SAN JUAN DE RONTOY', 1, NULL, NULL, NULL),
(20401, 204, 2, 'CHACAS', 1, NULL, NULL, NULL),
(20402, 204, 2, 'ACOCHACA', 1, NULL, NULL, NULL),
(20501, 205, 2, 'CHIQUIAN', 1, NULL, NULL, NULL),
(20502, 205, 2, 'ABELARDO PARDO LEZAMETA', 1, NULL, NULL, NULL),
(20503, 205, 2, 'ANTONIO RAYMONDI', 1, NULL, NULL, NULL),
(20504, 205, 2, 'AQUIA', 1, NULL, NULL, NULL),
(20505, 205, 2, 'CAJACAY', 1, NULL, NULL, NULL),
(20506, 205, 2, 'CANIS', 1, NULL, NULL, NULL),
(20507, 205, 2, 'COLQUIOC', 1, NULL, NULL, NULL),
(20508, 205, 2, 'HUALLANCA', 1, NULL, NULL, NULL),
(20509, 205, 2, 'HUASTA', 1, NULL, NULL, NULL),
(20510, 205, 2, 'HUAYLLACAYAN', 1, NULL, NULL, NULL),
(20511, 205, 2, 'LA PRIMAVERA', 1, NULL, NULL, NULL),
(20512, 205, 2, 'MANGAS', 1, NULL, NULL, NULL),
(20513, 205, 2, 'PACLLON', 1, NULL, NULL, NULL),
(20514, 205, 2, 'SAN MIGUEL DE CORPANQUI', 1, NULL, NULL, NULL),
(20515, 205, 2, 'TICLLOS', 1, NULL, NULL, NULL),
(20601, 206, 2, 'CARHUAZ', 1, NULL, NULL, NULL),
(20602, 206, 2, 'ACOPAMPA', 1, NULL, NULL, NULL),
(20603, 206, 2, 'AMASHCA', 1, NULL, NULL, NULL),
(20604, 206, 2, 'ANTA', 1, NULL, NULL, NULL),
(20605, 206, 2, 'ATAQUERO', 1, NULL, NULL, NULL),
(20606, 206, 2, 'MARCARA', 1, NULL, NULL, NULL),
(20607, 206, 2, 'PARIAHUANCA', 1, NULL, NULL, NULL),
(20608, 206, 2, 'SAN MIGUEL DE ACO', 1, NULL, NULL, NULL),
(20609, 206, 2, 'SHILLA', 1, NULL, NULL, NULL),
(20610, 206, 2, 'TINCO', 1, NULL, NULL, NULL),
(20611, 206, 2, 'YUNGAR', 1, NULL, NULL, NULL),
(20701, 207, 2, 'SAN LUIS', 1, NULL, NULL, NULL),
(20702, 207, 2, 'SAN NICOLÁS', 1, NULL, NULL, NULL),
(20703, 207, 2, 'YAUYA', 1, NULL, NULL, NULL),
(20801, 208, 2, 'CASMA', 1, NULL, NULL, NULL),
(20802, 208, 2, 'BUENA VISTA ALTA', 1, NULL, NULL, NULL),
(20803, 208, 2, 'COMANDANTE NOEL', 1, NULL, NULL, NULL),
(20804, 208, 2, 'YAUTAN', 1, NULL, NULL, NULL),
(20901, 209, 2, 'CORONGO', 1, NULL, NULL, NULL),
(20902, 209, 2, 'ACO', 1, NULL, NULL, NULL),
(20903, 209, 2, 'BAMBAS', 1, NULL, NULL, NULL),
(20904, 209, 2, 'CUSCA', 1, NULL, NULL, NULL),
(20905, 209, 2, 'LA PAMPA', 1, NULL, NULL, NULL),
(20906, 209, 2, 'YANAC', 1, NULL, NULL, NULL),
(20907, 209, 2, 'YUPAN', 1, NULL, NULL, NULL),
(21001, 210, 2, 'HUARI', 1, NULL, NULL, NULL),
(21002, 210, 2, 'ANRA', 1, NULL, NULL, NULL),
(21003, 210, 2, 'CAJAY', 1, NULL, NULL, NULL),
(21004, 210, 2, 'CHAVIN DE HUANTAR', 1, NULL, NULL, NULL),
(21005, 210, 2, 'HUACACHI', 1, NULL, NULL, NULL),
(21006, 210, 2, 'HUACCHIS', 1, NULL, NULL, NULL),
(21007, 210, 2, 'HUACHIS', 1, NULL, NULL, NULL),
(21008, 210, 2, 'HUANTAR', 1, NULL, NULL, NULL),
(21009, 210, 2, 'MASIN', 1, NULL, NULL, NULL),
(21010, 210, 2, 'PAUCAS', 1, NULL, NULL, NULL),
(21011, 210, 2, 'PONTO', 1, NULL, NULL, NULL),
(21012, 210, 2, 'RAHUAPAMPA', 1, NULL, NULL, NULL),
(21013, 210, 2, 'RAPAYAN', 1, NULL, NULL, NULL),
(21014, 210, 2, 'SAN MARCOS', 1, NULL, NULL, NULL),
(21015, 210, 2, 'SAN PEDRO DE CHANA', 1, NULL, NULL, NULL),
(21016, 210, 2, 'UCO', 1, NULL, NULL, NULL),
(21101, 211, 2, 'HUARMEY', 1, NULL, NULL, NULL),
(21102, 211, 2, 'COCHAPETI', 1, NULL, NULL, NULL),
(21103, 211, 2, 'CULEBRAS', 1, NULL, NULL, NULL),
(21104, 211, 2, 'HUAYAN', 1, NULL, NULL, NULL),
(21105, 211, 2, 'MALVAS', 1, NULL, NULL, NULL),
(21201, 212, 2, 'CARAZ', 1, NULL, NULL, NULL),
(21202, 212, 2, 'HUALLANCA', 1, NULL, NULL, NULL),
(21203, 212, 2, 'HUATA', 1, NULL, NULL, NULL),
(21204, 212, 2, 'HUAYLAS', 1, NULL, NULL, NULL),
(21205, 212, 2, 'MATO', 1, NULL, NULL, NULL),
(21206, 212, 2, 'PAMPAROMAS', 1, NULL, NULL, NULL),
(21207, 212, 2, 'PUEBLO LIBRE', 1, NULL, NULL, NULL),
(21208, 212, 2, 'SANTA CRUZ', 1, NULL, NULL, NULL),
(21209, 212, 2, 'SANTO TORIBIO', 1, NULL, NULL, NULL),
(21210, 212, 2, 'YURACMARCA', 1, NULL, NULL, NULL),
(21301, 213, 2, 'PISCOBAMBA', 1, NULL, NULL, NULL),
(21302, 213, 2, 'CASCA', 1, NULL, NULL, NULL),
(21303, 213, 2, 'ELEAZAR GUZMÁN BARRON', 1, NULL, NULL, NULL),
(21304, 213, 2, 'FIDEL OLIVAS ESCUDERO', 1, NULL, NULL, NULL),
(21305, 213, 2, 'LLAMA', 1, NULL, NULL, NULL),
(21306, 213, 2, 'LLUMPA', 1, NULL, NULL, NULL),
(21307, 213, 2, 'LUCMA', 1, NULL, NULL, NULL),
(21308, 213, 2, 'MUSGA', 1, NULL, NULL, NULL),
(21401, 214, 2, 'OCROS', 1, NULL, NULL, NULL),
(21402, 214, 2, 'ACAS', 1, NULL, NULL, NULL),
(21403, 214, 2, 'CAJAMARQUILLA', 1, NULL, NULL, NULL),
(21404, 214, 2, 'CARHUAPAMPA', 1, NULL, NULL, NULL),
(21405, 214, 2, 'COCHAS', 1, NULL, NULL, NULL),
(21406, 214, 2, 'CONGAS', 1, NULL, NULL, NULL),
(21407, 214, 2, 'LLIPA', 1, NULL, NULL, NULL),
(21408, 214, 2, 'SAN CRISTÓBAL DE RAJAN', 1, NULL, NULL, NULL),
(21409, 214, 2, 'SAN PEDRO', 1, NULL, NULL, NULL),
(21410, 214, 2, 'SANTIAGO DE CHILCAS', 1, NULL, NULL, NULL),
(21501, 215, 2, 'CABANA', 1, NULL, NULL, NULL),
(21502, 215, 2, 'BOLOGNESI', 1, NULL, NULL, NULL),
(21503, 215, 2, 'CONCHUCOS', 1, NULL, NULL, NULL),
(21504, 215, 2, 'HUACASCHUQUE', 1, NULL, NULL, NULL),
(21505, 215, 2, 'HUANDOVAL', 1, NULL, NULL, NULL),
(21506, 215, 2, 'LACABAMBA', 1, NULL, NULL, NULL),
(21507, 215, 2, 'LLAPO', 1, NULL, NULL, NULL),
(21508, 215, 2, 'PALLASCA', 1, NULL, NULL, NULL),
(21509, 215, 2, 'PAMPAS', 1, NULL, NULL, NULL),
(21510, 215, 2, 'SANTA ROSA', 1, NULL, NULL, NULL),
(21511, 215, 2, 'TAUCA', 1, NULL, NULL, NULL),
(21601, 216, 2, 'POMABAMBA', 1, NULL, NULL, NULL),
(21602, 216, 2, 'HUAYLLAN', 1, NULL, NULL, NULL),
(21603, 216, 2, 'PAROBAMBA', 1, NULL, NULL, NULL),
(21604, 216, 2, 'QUINUABAMBA', 1, NULL, NULL, NULL),
(21701, 217, 2, 'RECUAY', 1, NULL, NULL, NULL),
(21702, 217, 2, 'CATAC', 1, NULL, NULL, NULL),
(21703, 217, 2, 'COTAPARACO', 1, NULL, NULL, NULL),
(21704, 217, 2, 'HUAYLLAPAMPA', 1, NULL, NULL, NULL),
(21705, 217, 2, 'LLACLLIN', 1, NULL, NULL, NULL),
(21706, 217, 2, 'MARCA', 1, NULL, NULL, NULL),
(21707, 217, 2, 'PAMPAS CHICO', 1, NULL, NULL, NULL),
(21708, 217, 2, 'PARARIN', 1, NULL, NULL, NULL),
(21709, 217, 2, 'TAPACOCHA', 1, NULL, NULL, NULL),
(21710, 217, 2, 'TICAPAMPA', 1, NULL, NULL, NULL),
(21801, 218, 2, 'CHIMBOTE', 1, NULL, NULL, NULL),
(21802, 218, 2, 'CÁCERES DEL PERÚ', 1, NULL, NULL, NULL),
(21803, 218, 2, 'COISHCO', 1, NULL, NULL, NULL),
(21804, 218, 2, 'MACATE', 1, NULL, NULL, NULL),
(21805, 218, 2, 'MORO', 1, NULL, NULL, NULL),
(21806, 218, 2, 'NEPEÑA', 1, NULL, NULL, NULL),
(21807, 218, 2, 'SAMANCO', 1, NULL, NULL, NULL),
(21808, 218, 2, 'SANTA', 1, NULL, NULL, NULL),
(21809, 218, 2, 'NUEVO CHIMBOTE', 1, NULL, NULL, NULL),
(21901, 219, 2, 'SIHUAS', 1, NULL, NULL, NULL),
(21902, 219, 2, 'ACOBAMBA', 1, NULL, NULL, NULL),
(21903, 219, 2, 'ALFONSO UGARTE', 1, NULL, NULL, NULL),
(21904, 219, 2, 'CASHAPAMPA', 1, NULL, NULL, NULL),
(21905, 219, 2, 'CHINGALPO', 1, NULL, NULL, NULL),
(21906, 219, 2, 'HUAYLLABAMBA', 1, NULL, NULL, NULL),
(21907, 219, 2, 'QUICHES', 1, NULL, NULL, NULL),
(21908, 219, 2, 'RAGASH', 1, NULL, NULL, NULL),
(21909, 219, 2, 'SAN JUAN', 1, NULL, NULL, NULL),
(21910, 219, 2, 'SICSIBAMBA', 1, NULL, NULL, NULL),
(22001, 220, 2, 'YUNGAY', 1, NULL, NULL, NULL),
(22002, 220, 2, 'CASCAPARA', 1, NULL, NULL, NULL),
(22003, 220, 2, 'MANCOS', 1, NULL, NULL, NULL),
(22004, 220, 2, 'MATACOTO', 1, NULL, NULL, NULL),
(22005, 220, 2, 'QUILLO', 1, NULL, NULL, NULL),
(22006, 220, 2, 'RANRAHIRCA', 1, NULL, NULL, NULL),
(22007, 220, 2, 'SHUPLUY', 1, NULL, NULL, NULL),
(22008, 220, 2, 'YANAMA', 1, NULL, NULL, NULL),
(30101, 301, 3, 'ABANCAY', 1, NULL, NULL, NULL),
(30102, 301, 3, 'CHACOCHE', 1, NULL, NULL, NULL),
(30103, 301, 3, 'CIRCA', 1, NULL, NULL, NULL),
(30104, 301, 3, 'CURAHUASI', 1, NULL, NULL, NULL),
(30105, 301, 3, 'HUANIPACA', 1, NULL, NULL, NULL),
(30106, 301, 3, 'LAMBRAMA', 1, NULL, NULL, NULL),
(30107, 301, 3, 'PICHIRHUA', 1, NULL, NULL, NULL),
(30108, 301, 3, 'SAN PEDRO DE CACHORA', 1, NULL, NULL, NULL),
(30109, 301, 3, 'TAMBURCO', 1, NULL, NULL, NULL),
(30201, 302, 3, 'ANDAHUAYLAS', 1, NULL, NULL, NULL),
(30202, 302, 3, 'ANDARAPA', 1, NULL, NULL, NULL),
(30203, 302, 3, 'CHIARA', 1, NULL, NULL, NULL),
(30204, 302, 3, 'HUANCARAMA', 1, NULL, NULL, NULL),
(30205, 302, 3, 'HUANCARAY', 1, NULL, NULL, NULL),
(30206, 302, 3, 'HUAYANA', 1, NULL, NULL, NULL),
(30207, 302, 3, 'KISHUARA', 1, NULL, NULL, NULL),
(30208, 302, 3, 'PACOBAMBA', 1, NULL, NULL, NULL),
(30209, 302, 3, 'PACUCHA', 1, NULL, NULL, NULL),
(30210, 302, 3, 'PAMPACHIRI', 1, NULL, NULL, NULL),
(30211, 302, 3, 'POMACOCHA', 1, NULL, NULL, NULL),
(30212, 302, 3, 'SAN ANTONIO DE CACHI', 1, NULL, NULL, NULL),
(30213, 302, 3, 'SAN JERÓNIMO', 1, NULL, NULL, NULL),
(30214, 302, 3, 'SAN MIGUEL DE CHACCRAMPA', 1, NULL, NULL, NULL),
(30215, 302, 3, 'SANTA MARÍA DE CHICMO', 1, NULL, NULL, NULL),
(30216, 302, 3, 'TALAVERA', 1, NULL, NULL, NULL),
(30217, 302, 3, 'TUMAY HUARACA', 1, NULL, NULL, NULL),
(30218, 302, 3, 'TURPO', 1, NULL, NULL, NULL),
(30219, 302, 3, 'KAQUIABAMBA', 1, NULL, NULL, NULL),
(30220, 302, 3, 'JOSÉ MARÍA ARGUEDAS', 1, NULL, NULL, NULL),
(30301, 303, 3, 'ANTABAMBA', 1, NULL, NULL, NULL),
(30302, 303, 3, 'EL ORO', 1, NULL, NULL, NULL),
(30303, 303, 3, 'HUAQUIRCA', 1, NULL, NULL, NULL),
(30304, 303, 3, 'JUAN ESPINOZA MEDRANO', 1, NULL, NULL, NULL),
(30305, 303, 3, 'OROPESA', 1, NULL, NULL, NULL),
(30306, 303, 3, 'PACHACONAS', 1, NULL, NULL, NULL),
(30307, 303, 3, 'SABAINO', 1, NULL, NULL, NULL),
(30401, 304, 3, 'CHALHUANCA', 1, NULL, NULL, NULL),
(30402, 304, 3, 'CAPAYA', 1, NULL, NULL, NULL),
(30403, 304, 3, 'CARAYBAMBA', 1, NULL, NULL, NULL),
(30404, 304, 3, 'CHAPIMARCA', 1, NULL, NULL, NULL),
(30405, 304, 3, 'COLCABAMBA', 1, NULL, NULL, NULL),
(30406, 304, 3, 'COTARUSE', 1, NULL, NULL, NULL),
(30407, 304, 3, 'IHUAYLLO', 1, NULL, NULL, NULL),
(30408, 304, 3, 'JUSTO APU SAHUARAURA', 1, NULL, NULL, NULL),
(30409, 304, 3, 'LUCRE', 1, NULL, NULL, NULL),
(30410, 304, 3, 'POCOHUANCA', 1, NULL, NULL, NULL),
(30411, 304, 3, 'SAN JUAN DE CHACÑA', 1, NULL, NULL, NULL),
(30412, 304, 3, 'SAÑAYCA', 1, NULL, NULL, NULL),
(30413, 304, 3, 'SORAYA', 1, NULL, NULL, NULL),
(30414, 304, 3, 'TAPAIRIHUA', 1, NULL, NULL, NULL),
(30415, 304, 3, 'TINTAY', 1, NULL, NULL, NULL),
(30416, 304, 3, 'TORAYA', 1, NULL, NULL, NULL),
(30417, 304, 3, 'YANACA', 1, NULL, NULL, NULL),
(30501, 305, 3, 'TAMBOBAMBA', 1, NULL, NULL, NULL),
(30502, 305, 3, 'COTABAMBAS', 1, NULL, NULL, NULL),
(30503, 305, 3, 'COYLLURQUI', 1, NULL, NULL, NULL),
(30504, 305, 3, 'HAQUIRA', 1, NULL, NULL, NULL),
(30505, 305, 3, 'MARA', 1, NULL, NULL, NULL),
(30506, 305, 3, 'CHALLHUAHUACHO', 1, NULL, NULL, NULL),
(30601, 306, 3, 'CHINCHEROS', 1, NULL, NULL, NULL),
(30602, 306, 3, 'ANCO_HUALLO', 1, NULL, NULL, NULL),
(30603, 306, 3, 'COCHARCAS', 1, NULL, NULL, NULL),
(30604, 306, 3, 'HUACCANA', 1, NULL, NULL, NULL),
(30605, 306, 3, 'OCOBAMBA', 1, NULL, NULL, NULL),
(30606, 306, 3, 'ONGOY', 1, NULL, NULL, NULL),
(30607, 306, 3, 'URANMARCA', 1, NULL, NULL, NULL),
(30608, 306, 3, 'RANRACANCHA', 1, NULL, NULL, NULL),
(30609, 306, 3, 'ROCCHACC', 1, NULL, NULL, NULL),
(30610, 306, 3, 'EL PORVENIR', 1, NULL, NULL, NULL),
(30611, 306, 3, 'LOS CHANKAS', 1, NULL, NULL, NULL),
(30701, 307, 3, 'CHUQUIBAMBILLA', 1, NULL, NULL, NULL),
(30702, 307, 3, 'CURPAHUASI', 1, NULL, NULL, NULL),
(30703, 307, 3, 'GAMARRA', 1, NULL, NULL, NULL),
(30704, 307, 3, 'HUAYLLATI', 1, NULL, NULL, NULL),
(30705, 307, 3, 'MAMARA', 1, NULL, NULL, NULL),
(30706, 307, 3, 'MICAELA BASTIDAS', 1, NULL, NULL, NULL),
(30707, 307, 3, 'PATAYPAMPA', 1, NULL, NULL, NULL),
(30708, 307, 3, 'PROGRESO', 1, NULL, NULL, NULL),
(30709, 307, 3, 'SAN ANTONIO', 1, NULL, NULL, NULL),
(30710, 307, 3, 'SANTA ROSA', 1, NULL, NULL, NULL),
(30711, 307, 3, 'TURPAY', 1, NULL, NULL, NULL),
(30712, 307, 3, 'VILCABAMBA', 1, NULL, NULL, NULL),
(30713, 307, 3, 'VIRUNDO', 1, NULL, NULL, NULL),
(30714, 307, 3, 'CURASCO', 1, NULL, NULL, NULL),
(40101, 401, 4, 'AREQUIPA', 1, NULL, NULL, NULL),
(40102, 401, 4, 'ALTO SELVA ALEGRE', 1, NULL, NULL, NULL),
(40103, 401, 4, 'CAYMA', 1, NULL, NULL, NULL),
(40104, 401, 4, 'CERRO COLORADO', 1, NULL, NULL, NULL),
(40105, 401, 4, 'CHARACATO', 1, NULL, NULL, NULL),
(40106, 401, 4, 'CHIGUATA', 1, NULL, NULL, NULL),
(40107, 401, 4, 'JACOBO HUNTER', 1, NULL, NULL, NULL),
(40108, 401, 4, 'LA JOYA', 1, NULL, NULL, NULL),
(40109, 401, 4, 'MARIANO MELGAR', 1, NULL, NULL, NULL),
(40110, 401, 4, 'MIRAFLORES', 1, NULL, NULL, NULL),
(40111, 401, 4, 'MOLLEBAYA', 1, NULL, NULL, NULL),
(40112, 401, 4, 'PAUCARPATA', 1, NULL, NULL, NULL),
(40113, 401, 4, 'POCSI', 1, NULL, NULL, NULL),
(40114, 401, 4, 'POLOBAYA', 1, NULL, NULL, NULL),
(40115, 401, 4, 'QUEQUEÑA', 1, NULL, NULL, NULL),
(40116, 401, 4, 'SABANDIA', 1, NULL, NULL, NULL),
(40117, 401, 4, 'SACHACA', 1, NULL, NULL, NULL),
(40118, 401, 4, 'SAN JUAN DE SIGUAS', 1, NULL, NULL, NULL),
(40119, 401, 4, 'SAN JUAN DE TARUCANI', 1, NULL, NULL, NULL),
(40120, 401, 4, 'SANTA ISABEL DE SIGUAS', 1, NULL, NULL, NULL),
(40121, 401, 4, 'SANTA RITA DE SIGUAS', 1, NULL, NULL, NULL),
(40122, 401, 4, 'SOCABAYA', 1, NULL, NULL, NULL),
(40123, 401, 4, 'TIABAYA', 1, NULL, NULL, NULL),
(40124, 401, 4, 'UCHUMAYO', 1, NULL, NULL, NULL),
(40125, 401, 4, 'VITOR', 1, NULL, NULL, NULL),
(40126, 401, 4, 'YANAHUARA', 1, NULL, NULL, NULL),
(40127, 401, 4, 'YARABAMBA', 1, NULL, NULL, NULL),
(40128, 401, 4, 'YURA', 1, NULL, NULL, NULL),
(40129, 401, 4, 'JOSÉ LUIS BUSTAMANTE Y RIVERO', 1, NULL, NULL, NULL),
(40201, 402, 4, 'CAMANÁ', 1, NULL, NULL, NULL),
(40202, 402, 4, 'JOSÉ MARÍA QUIMPER', 1, NULL, NULL, NULL),
(40203, 402, 4, 'MARIANO NICOLÁS VALCÁRCEL', 1, NULL, NULL, NULL),
(40204, 402, 4, 'MARISCAL CÁCERES', 1, NULL, NULL, NULL),
(40205, 402, 4, 'NICOLÁS DE PIEROLA', 1, NULL, NULL, NULL),
(40206, 402, 4, 'OCOÑA', 1, NULL, NULL, NULL),
(40207, 402, 4, 'QUILCA', 1, NULL, NULL, NULL),
(40208, 402, 4, 'SAMUEL PASTOR', 1, NULL, NULL, NULL),
(40301, 403, 4, 'CARAVELÍ', 1, NULL, NULL, NULL),
(40302, 403, 4, 'ACARÍ', 1, NULL, NULL, NULL),
(40303, 403, 4, 'ATICO', 1, NULL, NULL, NULL),
(40304, 403, 4, 'ATIQUIPA', 1, NULL, NULL, NULL),
(40305, 403, 4, 'BELLA UNIÓN', 1, NULL, NULL, NULL),
(40306, 403, 4, 'CAHUACHO', 1, NULL, NULL, NULL),
(40307, 403, 4, 'CHALA', 1, NULL, NULL, NULL),
(40308, 403, 4, 'CHAPARRA', 1, NULL, NULL, NULL),
(40309, 403, 4, 'HUANUHUANU', 1, NULL, NULL, NULL),
(40310, 403, 4, 'JAQUI', 1, NULL, NULL, NULL),
(40311, 403, 4, 'LOMAS', 1, NULL, NULL, NULL),
(40312, 403, 4, 'QUICACHA', 1, NULL, NULL, NULL),
(40313, 403, 4, 'YAUCA', 1, NULL, NULL, NULL),
(40401, 404, 4, 'APLAO', 1, NULL, NULL, NULL),
(40402, 404, 4, 'ANDAGUA', 1, NULL, NULL, NULL),
(40403, 404, 4, 'AYO', 1, NULL, NULL, NULL),
(40404, 404, 4, 'CHACHAS', 1, NULL, NULL, NULL),
(40405, 404, 4, 'CHILCAYMARCA', 1, NULL, NULL, NULL),
(40406, 404, 4, 'CHOCO', 1, NULL, NULL, NULL),
(40407, 404, 4, 'HUANCARQUI', 1, NULL, NULL, NULL),
(40408, 404, 4, 'MACHAGUAY', 1, NULL, NULL, NULL),
(40409, 404, 4, 'ORCOPAMPA', 1, NULL, NULL, NULL),
(40410, 404, 4, 'PAMPACOLCA', 1, NULL, NULL, NULL),
(40411, 404, 4, 'TIPAN', 1, NULL, NULL, NULL),
(40412, 404, 4, 'UÑON', 1, NULL, NULL, NULL),
(40413, 404, 4, 'URACA', 1, NULL, NULL, NULL),
(40414, 404, 4, 'VIRACO', 1, NULL, NULL, NULL),
(40501, 405, 4, 'CHIVAY', 1, NULL, NULL, NULL),
(40502, 405, 4, 'ACHOMA', 1, NULL, NULL, NULL),
(40503, 405, 4, 'CABANACONDE', 1, NULL, NULL, NULL),
(40504, 405, 4, 'CALLALLI', 1, NULL, NULL, NULL),
(40505, 405, 4, 'CAYLLOMA', 1, NULL, NULL, NULL),
(40506, 405, 4, 'COPORAQUE', 1, NULL, NULL, NULL),
(40507, 405, 4, 'HUAMBO', 1, NULL, NULL, NULL),
(40508, 405, 4, 'HUANCA', 1, NULL, NULL, NULL),
(40509, 405, 4, 'ICHUPAMPA', 1, NULL, NULL, NULL),
(40510, 405, 4, 'LARI', 1, NULL, NULL, NULL),
(40511, 405, 4, 'LLUTA', 1, NULL, NULL, NULL),
(40512, 405, 4, 'MACA', 1, NULL, NULL, NULL),
(40513, 405, 4, 'MADRIGAL', 1, NULL, NULL, NULL),
(40514, 405, 4, 'SAN ANTONIO DE CHUCA', 1, NULL, NULL, NULL),
(40515, 405, 4, 'SIBAYO', 1, NULL, NULL, NULL),
(40516, 405, 4, 'TAPAY', 1, NULL, NULL, NULL),
(40517, 405, 4, 'TISCO', 1, NULL, NULL, NULL),
(40518, 405, 4, 'TUTI', 1, NULL, NULL, NULL),
(40519, 405, 4, 'YANQUE', 1, NULL, NULL, NULL),
(40520, 405, 4, 'MAJES', 1, NULL, NULL, NULL),
(40601, 406, 4, 'CHUQUIBAMBA', 1, NULL, NULL, NULL),
(40602, 406, 4, 'ANDARAY', 1, NULL, NULL, NULL),
(40603, 406, 4, 'CAYARANI', 1, NULL, NULL, NULL),
(40604, 406, 4, 'CHICHAS', 1, NULL, NULL, NULL),
(40605, 406, 4, 'IRAY', 1, NULL, NULL, NULL),
(40606, 406, 4, 'RÍO GRANDE', 1, NULL, NULL, NULL),
(40607, 406, 4, 'SALAMANCA', 1, NULL, NULL, NULL),
(40608, 406, 4, 'YANAQUIHUA', 1, NULL, NULL, NULL),
(40701, 407, 4, 'MOLLENDO', 1, NULL, NULL, NULL),
(40702, 407, 4, 'COCACHACRA', 1, NULL, NULL, NULL),
(40703, 407, 4, 'DEAN VALDIVIA', 1, NULL, NULL, NULL),
(40704, 407, 4, 'ISLAY', 1, NULL, NULL, NULL),
(40705, 407, 4, 'MEJIA', 1, NULL, NULL, NULL),
(40706, 407, 4, 'PUNTA DE BOMBÓN', 1, NULL, NULL, NULL),
(40801, 408, 4, 'COTAHUASI', 1, NULL, NULL, NULL),
(40802, 408, 4, 'ALCA', 1, NULL, NULL, NULL),
(40803, 408, 4, 'CHARCANA', 1, NULL, NULL, NULL),
(40804, 408, 4, 'HUAYNACOTAS', 1, NULL, NULL, NULL),
(40805, 408, 4, 'PAMPAMARCA', 1, NULL, NULL, NULL),
(40806, 408, 4, 'PUYCA', 1, NULL, NULL, NULL),
(40807, 408, 4, 'QUECHUALLA', 1, NULL, NULL, NULL),
(40808, 408, 4, 'SAYLA', 1, NULL, NULL, NULL),
(40809, 408, 4, 'TAURIA', 1, NULL, NULL, NULL),
(40810, 408, 4, 'TOMEPAMPA', 1, NULL, NULL, NULL),
(40811, 408, 4, 'TORO', 1, NULL, NULL, NULL),
(50101, 501, 5, 'AYACUCHO', 1, NULL, NULL, NULL),
(50102, 501, 5, 'ACOCRO', 1, NULL, NULL, NULL),
(50103, 501, 5, 'ACOS VINCHOS', 1, NULL, NULL, NULL),
(50104, 501, 5, 'CARMEN ALTO', 1, NULL, NULL, NULL),
(50105, 501, 5, 'CHIARA', 1, NULL, NULL, NULL),
(50106, 501, 5, 'OCROS', 1, NULL, NULL, NULL),
(50107, 501, 5, 'PACAYCASA', 1, NULL, NULL, NULL),
(50108, 501, 5, 'QUINUA', 1, NULL, NULL, NULL),
(50109, 501, 5, 'SAN JOSÉ DE TICLLAS', 1, NULL, NULL, NULL),
(50110, 501, 5, 'SAN JUAN BAUTISTA', 1, NULL, NULL, NULL),
(50111, 501, 5, 'SANTIAGO DE PISCHA', 1, NULL, NULL, NULL),
(50112, 501, 5, 'SOCOS', 1, NULL, NULL, NULL),
(50113, 501, 5, 'TAMBILLO', 1, NULL, NULL, NULL),
(50114, 501, 5, 'VINCHOS', 1, NULL, NULL, NULL),
(50115, 501, 5, 'JESÚS NAZARENO', 1, NULL, NULL, NULL),
(50116, 501, 5, 'ANDRÉS AVELINO CÁCERES DORREGARAY', 1, NULL, NULL, NULL),
(50201, 502, 5, 'CANGALLO', 1, NULL, NULL, NULL),
(50202, 502, 5, 'CHUSCHI', 1, NULL, NULL, NULL),
(50203, 502, 5, 'LOS MOROCHUCOS', 1, NULL, NULL, NULL),
(50204, 502, 5, 'MARÍA PARADO DE BELLIDO', 1, NULL, NULL, NULL),
(50205, 502, 5, 'PARAS', 1, NULL, NULL, NULL),
(50206, 502, 5, 'TOTOS', 1, NULL, NULL, NULL),
(50301, 503, 5, 'SANCOS', 1, NULL, NULL, NULL),
(50302, 503, 5, 'CARAPO', 1, NULL, NULL, NULL),
(50303, 503, 5, 'SACSAMARCA', 1, NULL, NULL, NULL),
(50304, 503, 5, 'SANTIAGO DE LUCANAMARCA', 1, NULL, NULL, NULL),
(50401, 504, 5, 'HUANTA', 1, NULL, NULL, NULL),
(50402, 504, 5, 'AYAHUANCO', 1, NULL, NULL, NULL),
(50403, 504, 5, 'HUAMANGUILLA', 1, NULL, NULL, NULL),
(50404, 504, 5, 'IGUAIN', 1, NULL, NULL, NULL),
(50405, 504, 5, 'LURICOCHA', 1, NULL, NULL, NULL),
(50406, 504, 5, 'SANTILLANA', 1, NULL, NULL, NULL),
(50407, 504, 5, 'SIVIA', 1, NULL, NULL, NULL),
(50408, 504, 5, 'LLOCHEGUA', 1, NULL, NULL, NULL),
(50409, 504, 5, 'CANAYRE', 1, NULL, NULL, NULL),
(50410, 504, 5, 'UCHURACCAY', 1, NULL, NULL, NULL),
(50411, 504, 5, 'PUCACOLPA', 1, NULL, NULL, NULL),
(50412, 504, 5, 'CHACA', 1, NULL, NULL, NULL),
(50501, 505, 5, 'SAN MIGUEL', 1, NULL, NULL, NULL),
(50502, 505, 5, 'ANCO', 1, NULL, NULL, NULL),
(50503, 505, 5, 'AYNA', 1, NULL, NULL, NULL),
(50504, 505, 5, 'CHILCAS', 1, NULL, NULL, NULL),
(50505, 505, 5, 'CHUNGUI', 1, NULL, NULL, NULL),
(50506, 505, 5, 'LUIS CARRANZA', 1, NULL, NULL, NULL),
(50507, 505, 5, 'SANTA ROSA', 1, NULL, NULL, NULL),
(50508, 505, 5, 'TAMBO', 1, NULL, NULL, NULL),
(50509, 505, 5, 'SAMUGARI', 1, NULL, NULL, NULL),
(50510, 505, 5, 'ANCHIHUAY', 1, NULL, NULL, NULL),
(50511, 505, 5, 'ORONCCOY', 1, NULL, NULL, NULL),
(50601, 506, 5, 'PUQUIO', 1, NULL, NULL, NULL),
(50602, 506, 5, 'AUCARA', 1, NULL, NULL, NULL),
(50603, 506, 5, 'CABANA', 1, NULL, NULL, NULL),
(50604, 506, 5, 'CARMEN SALCEDO', 1, NULL, NULL, NULL),
(50605, 506, 5, 'CHAVIÑA', 1, NULL, NULL, NULL),
(50606, 506, 5, 'CHIPAO', 1, NULL, NULL, NULL),
(50607, 506, 5, 'HUAC-HUAS', 1, NULL, NULL, NULL),
(50608, 506, 5, 'LARAMATE', 1, NULL, NULL, NULL),
(50609, 506, 5, 'LEONCIO PRADO', 1, NULL, NULL, NULL),
(50610, 506, 5, 'LLAUTA', 1, NULL, NULL, NULL),
(50611, 506, 5, 'LUCANAS', 1, NULL, NULL, NULL),
(50612, 506, 5, 'OCAÑA', 1, NULL, NULL, NULL),
(50613, 506, 5, 'OTOCA', 1, NULL, NULL, NULL),
(50614, 506, 5, 'SAISA', 1, NULL, NULL, NULL),
(50615, 506, 5, 'SAN CRISTÓBAL', 1, NULL, NULL, NULL),
(50616, 506, 5, 'SAN JUAN', 1, NULL, NULL, NULL),
(50617, 506, 5, 'SAN PEDRO', 1, NULL, NULL, NULL),
(50618, 506, 5, 'SAN PEDRO DE PALCO', 1, NULL, NULL, NULL),
(50619, 506, 5, 'SANCOS', 1, NULL, NULL, NULL),
(50620, 506, 5, 'SANTA ANA DE HUAYCAHUACHO', 1, NULL, NULL, NULL),
(50621, 506, 5, 'SANTA LUCIA', 1, NULL, NULL, NULL),
(50701, 507, 5, 'CORACORA', 1, NULL, NULL, NULL),
(50702, 507, 5, 'CHUMPI', 1, NULL, NULL, NULL),
(50703, 507, 5, 'CORONEL CASTAÑEDA', 1, NULL, NULL, NULL),
(50704, 507, 5, 'PACAPAUSA', 1, NULL, NULL, NULL),
(50705, 507, 5, 'PULLO', 1, NULL, NULL, NULL),
(50706, 507, 5, 'PUYUSCA', 1, NULL, NULL, NULL),
(50707, 507, 5, 'SAN FRANCISCO DE RAVACAYCO', 1, NULL, NULL, NULL),
(50708, 507, 5, 'UPAHUACHO', 1, NULL, NULL, NULL),
(50801, 508, 5, 'PAUSA', 1, NULL, NULL, NULL),
(50802, 508, 5, 'COLTA', 1, NULL, NULL, NULL),
(50803, 508, 5, 'CORCULLA', 1, NULL, NULL, NULL),
(50804, 508, 5, 'LAMPA', 1, NULL, NULL, NULL),
(50805, 508, 5, 'MARCABAMBA', 1, NULL, NULL, NULL),
(50806, 508, 5, 'OYOLO', 1, NULL, NULL, NULL),
(50807, 508, 5, 'PARARCA', 1, NULL, NULL, NULL),
(50808, 508, 5, 'SAN JAVIER DE ALPABAMBA', 1, NULL, NULL, NULL),
(50809, 508, 5, 'SAN JOSÉ DE USHUA', 1, NULL, NULL, NULL),
(50810, 508, 5, 'SARA SARA', 1, NULL, NULL, NULL),
(50901, 509, 5, 'QUEROBAMBA', 1, NULL, NULL, NULL),
(50902, 509, 5, 'BELÉN', 1, NULL, NULL, NULL),
(50903, 509, 5, 'CHALCOS', 1, NULL, NULL, NULL),
(50904, 509, 5, 'CHILCAYOC', 1, NULL, NULL, NULL),
(50905, 509, 5, 'HUACAÑA', 1, NULL, NULL, NULL),
(50906, 509, 5, 'MORCOLLA', 1, NULL, NULL, NULL),
(50907, 509, 5, 'PAICO', 1, NULL, NULL, NULL),
(50908, 509, 5, 'SAN PEDRO DE LARCAY', 1, NULL, NULL, NULL),
(50909, 509, 5, 'SAN SALVADOR DE QUIJE', 1, NULL, NULL, NULL),
(50910, 509, 5, 'SANTIAGO DE PAUCARAY', 1, NULL, NULL, NULL),
(50911, 509, 5, 'SORAS', 1, NULL, NULL, NULL),
(51001, 510, 5, 'HUANCAPI', 1, NULL, NULL, NULL),
(51002, 510, 5, 'ALCAMENCA', 1, NULL, NULL, NULL),
(51003, 510, 5, 'APONGO', 1, NULL, NULL, NULL),
(51004, 510, 5, 'ASQUIPATA', 1, NULL, NULL, NULL),
(51005, 510, 5, 'CANARIA', 1, NULL, NULL, NULL),
(51006, 510, 5, 'CAYARA', 1, NULL, NULL, NULL),
(51007, 510, 5, 'COLCA', 1, NULL, NULL, NULL),
(51008, 510, 5, 'HUAMANQUIQUIA', 1, NULL, NULL, NULL),
(51009, 510, 5, 'HUANCARAYLLA', 1, NULL, NULL, NULL),
(51010, 510, 5, 'HUALLA', 1, NULL, NULL, NULL),
(51011, 510, 5, 'SARHUA', 1, NULL, NULL, NULL),
(51012, 510, 5, 'VILCANCHOS', 1, NULL, NULL, NULL),
(51101, 511, 5, 'VILCAS HUAMAN', 1, NULL, NULL, NULL),
(51102, 511, 5, 'ACCOMARCA', 1, NULL, NULL, NULL),
(51103, 511, 5, 'CARHUANCA', 1, NULL, NULL, NULL),
(51104, 511, 5, 'CONCEPCIÓN', 1, NULL, NULL, NULL),
(51105, 511, 5, 'HUAMBALPA', 1, NULL, NULL, NULL),
(51106, 511, 5, 'INDEPENDENCIA', 1, NULL, NULL, NULL),
(51107, 511, 5, 'SAURAMA', 1, NULL, NULL, NULL),
(51108, 511, 5, 'VISCHONGO', 1, NULL, NULL, NULL),
(60101, 601, 6, 'CAJAMARCA', 1, NULL, NULL, NULL),
(60102, 601, 6, 'ASUNCIÓN', 1, NULL, NULL, NULL),
(60103, 601, 6, 'CHETILLA', 1, NULL, NULL, NULL),
(60104, 601, 6, 'COSPAN', 1, NULL, NULL, NULL),
(60105, 601, 6, 'ENCAÑADA', 1, NULL, NULL, NULL),
(60106, 601, 6, 'JESÚS', 1, NULL, NULL, NULL),
(60107, 601, 6, 'LLACANORA', 1, NULL, NULL, NULL),
(60108, 601, 6, 'LOS BAÑOS DEL INCA', 1, NULL, NULL, NULL),
(60109, 601, 6, 'MAGDALENA', 1, NULL, NULL, NULL),
(60110, 601, 6, 'MATARA', 1, NULL, NULL, NULL),
(60111, 601, 6, 'NAMORA', 1, NULL, NULL, NULL),
(60112, 601, 6, 'SAN JUAN', 1, NULL, NULL, NULL),
(60201, 602, 6, 'CAJABAMBA', 1, NULL, NULL, NULL),
(60202, 602, 6, 'CACHACHI', 1, NULL, NULL, NULL),
(60203, 602, 6, 'CONDEBAMBA', 1, NULL, NULL, NULL),
(60204, 602, 6, 'SITACOCHA', 1, NULL, NULL, NULL),
(60301, 603, 6, 'CELENDÍN', 1, NULL, NULL, NULL),
(60302, 603, 6, 'CHUMUCH', 1, NULL, NULL, NULL),
(60303, 603, 6, 'CORTEGANA', 1, NULL, NULL, NULL),
(60304, 603, 6, 'HUASMIN', 1, NULL, NULL, NULL),
(60305, 603, 6, 'JORGE CHÁVEZ', 1, NULL, NULL, NULL),
(60306, 603, 6, 'JOSÉ GÁLVEZ', 1, NULL, NULL, NULL),
(60307, 603, 6, 'MIGUEL IGLESIAS', 1, NULL, NULL, NULL),
(60308, 603, 6, 'OXAMARCA', 1, NULL, NULL, NULL),
(60309, 603, 6, 'SOROCHUCO', 1, NULL, NULL, NULL),
(60310, 603, 6, 'SUCRE', 1, NULL, NULL, NULL),
(60311, 603, 6, 'UTCO', 1, NULL, NULL, NULL),
(60312, 603, 6, 'LA LIBERTAD DE PALLAN', 1, NULL, NULL, NULL),
(60401, 604, 6, 'CHOTA', 1, NULL, NULL, NULL),
(60402, 604, 6, 'ANGUIA', 1, NULL, NULL, NULL),
(60403, 604, 6, 'CHADIN', 1, NULL, NULL, NULL),
(60404, 604, 6, 'CHIGUIRIP', 1, NULL, NULL, NULL),
(60405, 604, 6, 'CHIMBAN', 1, NULL, NULL, NULL),
(60406, 604, 6, 'CHOROPAMPA', 1, NULL, NULL, NULL),
(60407, 604, 6, 'COCHABAMBA', 1, NULL, NULL, NULL),
(60408, 604, 6, 'CONCHAN', 1, NULL, NULL, NULL),
(60409, 604, 6, 'HUAMBOS', 1, NULL, NULL, NULL),
(60410, 604, 6, 'LAJAS', 1, NULL, NULL, NULL),
(60411, 604, 6, 'LLAMA', 1, NULL, NULL, NULL),
(60412, 604, 6, 'MIRACOSTA', 1, NULL, NULL, NULL),
(60413, 604, 6, 'PACCHA', 1, NULL, NULL, NULL),
(60414, 604, 6, 'PION', 1, NULL, NULL, NULL),
(60415, 604, 6, 'QUEROCOTO', 1, NULL, NULL, NULL),
(60416, 604, 6, 'SAN JUAN DE LICUPIS', 1, NULL, NULL, NULL),
(60417, 604, 6, 'TACABAMBA', 1, NULL, NULL, NULL),
(60418, 604, 6, 'TOCMOCHE', 1, NULL, NULL, NULL),
(60419, 604, 6, 'CHALAMARCA', 1, NULL, NULL, NULL),
(60501, 605, 6, 'CONTUMAZA', 1, NULL, NULL, NULL),
(60502, 605, 6, 'CHILETE', 1, NULL, NULL, NULL),
(60503, 605, 6, 'CUPISNIQUE', 1, NULL, NULL, NULL),
(60504, 605, 6, 'GUZMANGO', 1, NULL, NULL, NULL),
(60505, 605, 6, 'SAN BENITO', 1, NULL, NULL, NULL),
(60506, 605, 6, 'SANTA CRUZ DE TOLEDO', 1, NULL, NULL, NULL),
(60507, 605, 6, 'TANTARICA', 1, NULL, NULL, NULL),
(60508, 605, 6, 'YONAN', 1, NULL, NULL, NULL),
(60601, 606, 6, 'CUTERVO', 1, NULL, NULL, NULL),
(60602, 606, 6, 'CALLAYUC', 1, NULL, NULL, NULL),
(60603, 606, 6, 'CHOROS', 1, NULL, NULL, NULL),
(60604, 606, 6, 'CUJILLO', 1, NULL, NULL, NULL),
(60605, 606, 6, 'LA RAMADA', 1, NULL, NULL, NULL),
(60606, 606, 6, 'PIMPINGOS', 1, NULL, NULL, NULL),
(60607, 606, 6, 'QUEROCOTILLO', 1, NULL, NULL, NULL),
(60608, 606, 6, 'SAN ANDRÉS DE CUTERVO', 1, NULL, NULL, NULL),
(60609, 606, 6, 'SAN JUAN DE CUTERVO', 1, NULL, NULL, NULL),
(60610, 606, 6, 'SAN LUIS DE LUCMA', 1, NULL, NULL, NULL),
(60611, 606, 6, 'SANTA CRUZ', 1, NULL, NULL, NULL),
(60612, 606, 6, 'SANTO DOMINGO DE LA CAPILLA', 1, NULL, NULL, NULL),
(60613, 606, 6, 'SANTO TOMAS', 1, NULL, NULL, NULL),
(60614, 606, 6, 'SOCOTA', 1, NULL, NULL, NULL),
(60615, 606, 6, 'TORIBIO CASANOVA', 1, NULL, NULL, NULL),
(60701, 607, 6, 'BAMBAMARCA', 1, NULL, NULL, NULL),
(60702, 607, 6, 'CHUGUR', 1, NULL, NULL, NULL),
(60703, 607, 6, 'HUALGAYOC', 1, NULL, NULL, NULL),
(60801, 608, 6, 'JAÉN', 1, NULL, NULL, NULL),
(60802, 608, 6, 'BELLAVISTA', 1, NULL, NULL, NULL),
(60803, 608, 6, 'CHONTALI', 1, NULL, NULL, NULL),
(60804, 608, 6, 'COLASAY', 1, NULL, NULL, NULL),
(60805, 608, 6, 'HUABAL', 1, NULL, NULL, NULL),
(60806, 608, 6, 'LAS PIRIAS', 1, NULL, NULL, NULL),
(60807, 608, 6, 'POMAHUACA', 1, NULL, NULL, NULL),
(60808, 608, 6, 'PUCARA', 1, NULL, NULL, NULL),
(60809, 608, 6, 'SALLIQUE', 1, NULL, NULL, NULL),
(60810, 608, 6, 'SAN FELIPE', 1, NULL, NULL, NULL),
(60811, 608, 6, 'SAN JOSÉ DEL ALTO', 1, NULL, NULL, NULL),
(60812, 608, 6, 'SANTA ROSA', 1, NULL, NULL, NULL),
(60901, 609, 6, 'SAN IGNACIO', 1, NULL, NULL, NULL),
(60902, 609, 6, 'CHIRINOS', 1, NULL, NULL, NULL),
(60903, 609, 6, 'HUARANGO', 1, NULL, NULL, NULL),
(60904, 609, 6, 'LA COIPA', 1, NULL, NULL, NULL),
(60905, 609, 6, 'NAMBALLE', 1, NULL, NULL, NULL),
(60906, 609, 6, 'SAN JOSÉ DE LOURDES', 1, NULL, NULL, NULL),
(60907, 609, 6, 'TABACONAS', 1, NULL, NULL, NULL),
(61001, 610, 6, 'PEDRO GÁLVEZ', 1, NULL, NULL, NULL),
(61002, 610, 6, 'CHANCAY', 1, NULL, NULL, NULL),
(61003, 610, 6, 'EDUARDO VILLANUEVA', 1, NULL, NULL, NULL),
(61004, 610, 6, 'GREGORIO PITA', 1, NULL, NULL, NULL),
(61005, 610, 6, 'ICHOCAN', 1, NULL, NULL, NULL),
(61006, 610, 6, 'JOSÉ MANUEL QUIROZ', 1, NULL, NULL, NULL),
(61007, 610, 6, 'JOSÉ SABOGAL', 1, NULL, NULL, NULL),
(61101, 611, 6, 'SAN MIGUEL', 1, NULL, NULL, NULL),
(61102, 611, 6, 'BOLÍVAR', 1, NULL, NULL, NULL),
(61103, 611, 6, 'CALQUIS', 1, NULL, NULL, NULL),
(61104, 611, 6, 'CATILLUC', 1, NULL, NULL, NULL),
(61105, 611, 6, 'EL PRADO', 1, NULL, NULL, NULL),
(61106, 611, 6, 'LA FLORIDA', 1, NULL, NULL, NULL),
(61107, 611, 6, 'LLAPA', 1, NULL, NULL, NULL),
(61108, 611, 6, 'NANCHOC', 1, NULL, NULL, NULL),
(61109, 611, 6, 'NIEPOS', 1, NULL, NULL, NULL),
(61110, 611, 6, 'SAN GREGORIO', 1, NULL, NULL, NULL),
(61111, 611, 6, 'SAN SILVESTRE DE COCHAN', 1, NULL, NULL, NULL),
(61112, 611, 6, 'TONGOD', 1, NULL, NULL, NULL),
(61113, 611, 6, 'UNIÓN AGUA BLANCA', 1, NULL, NULL, NULL),
(61201, 612, 6, 'SAN PABLO', 1, NULL, NULL, NULL),
(61202, 612, 6, 'SAN BERNARDINO', 1, NULL, NULL, NULL),
(61203, 612, 6, 'SAN LUIS', 1, NULL, NULL, NULL),
(61204, 612, 6, 'TUMBADEN', 1, NULL, NULL, NULL),
(61301, 613, 6, 'SANTA CRUZ', 1, NULL, NULL, NULL),
(61302, 613, 6, 'ANDABAMBA', 1, NULL, NULL, NULL),
(61303, 613, 6, 'CATACHE', 1, NULL, NULL, NULL),
(61304, 613, 6, 'CHANCAYBAÑOS', 1, NULL, NULL, NULL),
(61305, 613, 6, 'LA ESPERANZA', 1, NULL, NULL, NULL),
(61306, 613, 6, 'NINABAMBA', 1, NULL, NULL, NULL),
(61307, 613, 6, 'PULAN', 1, NULL, NULL, NULL),
(61308, 613, 6, 'SAUCEPAMPA', 1, NULL, NULL, NULL),
(61309, 613, 6, 'SEXI', 1, NULL, NULL, NULL),
(61310, 613, 6, 'UTICYACU', 1, NULL, NULL, NULL),
(61311, 613, 6, 'YAUYUCAN', 1, NULL, NULL, NULL),
(70101, 701, 7, 'CALLAO', 1, NULL, NULL, NULL),
(70102, 701, 7, 'BELLAVISTA', 1, NULL, NULL, NULL),
(70103, 701, 7, 'CARMEN DE LA LEGUA REYNOSO', 1, NULL, NULL, NULL),
(70104, 701, 7, 'LA PERLA', 1, NULL, NULL, NULL),
(70105, 701, 7, 'LA PUNTA', 1, NULL, NULL, NULL),
(70106, 701, 7, 'VENTANILLA', 1, NULL, NULL, NULL),
(70107, 701, 7, 'MI PERÚ', 1, NULL, NULL, NULL),
(80101, 801, 8, 'CUSCO', 1, NULL, NULL, NULL),
(80102, 801, 8, 'CCORCA', 1, NULL, NULL, NULL),
(80103, 801, 8, 'POROY', 1, NULL, NULL, NULL),
(80104, 801, 8, 'SAN JERÓNIMO', 1, NULL, NULL, NULL),
(80105, 801, 8, 'SAN SEBASTIAN', 1, NULL, NULL, NULL),
(80106, 801, 8, 'SANTIAGO', 1, NULL, NULL, NULL),
(80107, 801, 8, 'SAYLLA', 1, NULL, NULL, NULL),
(80108, 801, 8, 'WANCHAQ', 1, NULL, NULL, NULL),
(80201, 802, 8, 'ACOMAYO', 1, NULL, NULL, NULL),
(80202, 802, 8, 'ACOPIA', 1, NULL, NULL, NULL),
(80203, 802, 8, 'ACOS', 1, NULL, NULL, NULL),
(80204, 802, 8, 'MOSOC LLACTA', 1, NULL, NULL, NULL),
(80205, 802, 8, 'POMACANCHI', 1, NULL, NULL, NULL),
(80206, 802, 8, 'RONDOCAN', 1, NULL, NULL, NULL),
(80207, 802, 8, 'SANGARARA', 1, NULL, NULL, NULL),
(80301, 803, 8, 'ANTA', 1, NULL, NULL, NULL),
(80302, 803, 8, 'ANCAHUASI', 1, NULL, NULL, NULL),
(80303, 803, 8, 'CACHIMAYO', 1, NULL, NULL, NULL),
(80304, 803, 8, 'CHINCHAYPUJIO', 1, NULL, NULL, NULL),
(80305, 803, 8, 'HUAROCONDO', 1, NULL, NULL, NULL),
(80306, 803, 8, 'LIMATAMBO', 1, NULL, NULL, NULL),
(80307, 803, 8, 'MOLLEPATA', 1, NULL, NULL, NULL),
(80308, 803, 8, 'PUCYURA', 1, NULL, NULL, NULL),
(80309, 803, 8, 'ZURITE', 1, NULL, NULL, NULL),
(80401, 804, 8, 'CALCA', 1, NULL, NULL, NULL),
(80402, 804, 8, 'COYA', 1, NULL, NULL, NULL),
(80403, 804, 8, 'LAMAY', 1, NULL, NULL, NULL),
(80404, 804, 8, 'LARES', 1, NULL, NULL, NULL),
(80405, 804, 8, 'PISAC', 1, NULL, NULL, NULL),
(80406, 804, 8, 'SAN SALVADOR', 1, NULL, NULL, NULL),
(80407, 804, 8, 'TARAY', 1, NULL, NULL, NULL),
(80408, 804, 8, 'YANATILE', 1, NULL, NULL, NULL),
(80501, 805, 8, 'YANAOCA', 1, NULL, NULL, NULL),
(80502, 805, 8, 'CHECCA', 1, NULL, NULL, NULL),
(80503, 805, 8, 'KUNTURKANKI', 1, NULL, NULL, NULL),
(80504, 805, 8, 'LANGUI', 1, NULL, NULL, NULL),
(80505, 805, 8, 'LAYO', 1, NULL, NULL, NULL),
(80506, 805, 8, 'PAMPAMARCA', 1, NULL, NULL, NULL),
(80507, 805, 8, 'QUEHUE', 1, NULL, NULL, NULL),
(80508, 805, 8, 'TUPAC AMARU', 1, NULL, NULL, NULL),
(80601, 806, 8, 'SICUANI', 1, NULL, NULL, NULL),
(80602, 806, 8, 'CHECACUPE', 1, NULL, NULL, NULL),
(80603, 806, 8, 'COMBAPATA', 1, NULL, NULL, NULL),
(80604, 806, 8, 'MARANGANI', 1, NULL, NULL, NULL),
(80605, 806, 8, 'PITUMARCA', 1, NULL, NULL, NULL),
(80606, 806, 8, 'SAN PABLO', 1, NULL, NULL, NULL),
(80607, 806, 8, 'SAN PEDRO', 1, NULL, NULL, NULL),
(80608, 806, 8, 'TINTA', 1, NULL, NULL, NULL),
(80701, 807, 8, 'SANTO TOMAS', 1, NULL, NULL, NULL),
(80702, 807, 8, 'CAPACMARCA', 1, NULL, NULL, NULL),
(80703, 807, 8, 'CHAMACA', 1, NULL, NULL, NULL),
(80704, 807, 8, 'COLQUEMARCA', 1, NULL, NULL, NULL),
(80705, 807, 8, 'LIVITACA', 1, NULL, NULL, NULL),
(80706, 807, 8, 'LLUSCO', 1, NULL, NULL, NULL),
(80707, 807, 8, 'QUIÑOTA', 1, NULL, NULL, NULL),
(80708, 807, 8, 'VELILLE', 1, NULL, NULL, NULL),
(80801, 808, 8, 'ESPINAR', 1, NULL, NULL, NULL),
(80802, 808, 8, 'CONDOROMA', 1, NULL, NULL, NULL),
(80803, 808, 8, 'COPORAQUE', 1, NULL, NULL, NULL),
(80804, 808, 8, 'OCORURO', 1, NULL, NULL, NULL),
(80805, 808, 8, 'PALLPATA', 1, NULL, NULL, NULL),
(80806, 808, 8, 'PICHIGUA', 1, NULL, NULL, NULL),
(80807, 808, 8, 'SUYCKUTAMBO', 1, NULL, NULL, NULL),
(80808, 808, 8, 'ALTO PICHIGUA', 1, NULL, NULL, NULL),
(80901, 809, 8, 'SANTA ANA', 1, NULL, NULL, NULL),
(80902, 809, 8, 'ECHARATE', 1, NULL, NULL, NULL),
(80903, 809, 8, 'HUAYOPATA', 1, NULL, NULL, NULL),
(80904, 809, 8, 'MARANURA', 1, NULL, NULL, NULL),
(80905, 809, 8, 'OCOBAMBA', 1, NULL, NULL, NULL),
(80906, 809, 8, 'QUELLOUNO', 1, NULL, NULL, NULL),
(80907, 809, 8, 'KIMBIRI', 1, NULL, NULL, NULL),
(80908, 809, 8, 'SANTA TERESA', 1, NULL, NULL, NULL),
(80909, 809, 8, 'VILCABAMBA', 1, NULL, NULL, NULL),
(80910, 809, 8, 'PICHARI', 1, NULL, NULL, NULL),
(80911, 809, 8, 'INKAWASI', 1, NULL, NULL, NULL),
(80912, 809, 8, 'VILLA VIRGEN', 1, NULL, NULL, NULL),
(80913, 809, 8, 'VILLA KINTIARINA', 1, NULL, NULL, NULL),
(80914, 809, 8, 'MEGANTONI', 1, NULL, NULL, NULL),
(81001, 810, 8, 'PARURO', 1, NULL, NULL, NULL),
(81002, 810, 8, 'ACCHA', 1, NULL, NULL, NULL),
(81003, 810, 8, 'CCAPI', 1, NULL, NULL, NULL),
(81004, 810, 8, 'COLCHA', 1, NULL, NULL, NULL),
(81005, 810, 8, 'HUANOQUITE', 1, NULL, NULL, NULL),
(81006, 810, 8, 'OMACHAÇ', 1, NULL, NULL, NULL),
(81007, 810, 8, 'PACCARITAMBO', 1, NULL, NULL, NULL),
(81008, 810, 8, 'PILLPINTO', 1, NULL, NULL, NULL),
(81009, 810, 8, 'YAURISQUE', 1, NULL, NULL, NULL),
(81101, 811, 8, 'PAUCARTAMBO', 1, NULL, NULL, NULL),
(81102, 811, 8, 'CAICAY', 1, NULL, NULL, NULL),
(81103, 811, 8, 'CHALLABAMBA', 1, NULL, NULL, NULL),
(81104, 811, 8, 'COLQUEPATA', 1, NULL, NULL, NULL),
(81105, 811, 8, 'HUANCARANI', 1, NULL, NULL, NULL),
(81106, 811, 8, 'KOSÑIPATA', 1, NULL, NULL, NULL),
(81201, 812, 8, 'URCOS', 1, NULL, NULL, NULL),
(81202, 812, 8, 'ANDAHUAYLILLAS', 1, NULL, NULL, NULL),
(81203, 812, 8, 'CAMANTI', 1, NULL, NULL, NULL),
(81204, 812, 8, 'CCARHUAYO', 1, NULL, NULL, NULL),
(81205, 812, 8, 'CCATCA', 1, NULL, NULL, NULL),
(81206, 812, 8, 'CUSIPATA', 1, NULL, NULL, NULL),
(81207, 812, 8, 'HUARO', 1, NULL, NULL, NULL),
(81208, 812, 8, 'LUCRE', 1, NULL, NULL, NULL),
(81209, 812, 8, 'MARCAPATA', 1, NULL, NULL, NULL),
(81210, 812, 8, 'OCONGATE', 1, NULL, NULL, NULL),
(81211, 812, 8, 'OROPESA', 1, NULL, NULL, NULL),
(81212, 812, 8, 'QUIQUIJANA', 1, NULL, NULL, NULL),
(81301, 813, 8, 'URUBAMBA', 1, NULL, NULL, NULL),
(81302, 813, 8, 'CHINCHERO', 1, NULL, NULL, NULL),
(81303, 813, 8, 'HUAYLLABAMBA', 1, NULL, NULL, NULL),
(81304, 813, 8, 'MACHUPICCHU', 1, NULL, NULL, NULL),
(81305, 813, 8, 'MARAS', 1, NULL, NULL, NULL),
(81306, 813, 8, 'OLLANTAYTAMBO', 1, NULL, NULL, NULL),
(81307, 813, 8, 'YUCAY', 1, NULL, NULL, NULL),
(90101, 901, 9, 'HUANCAVELICA', 1, NULL, NULL, NULL),
(90102, 901, 9, 'ACOBAMBILLA', 1, NULL, NULL, NULL),
(90103, 901, 9, 'ACORIA', 1, NULL, NULL, NULL),
(90104, 901, 9, 'CONAYCA', 1, NULL, NULL, NULL),
(90105, 901, 9, 'CUENCA', 1, NULL, NULL, NULL),
(90106, 901, 9, 'HUACHOCOLPA', 1, NULL, NULL, NULL),
(90107, 901, 9, 'HUAYLLAHUARA', 1, NULL, NULL, NULL),
(90108, 901, 9, 'IZCUCHACA', 1, NULL, NULL, NULL),
(90109, 901, 9, 'LARIA', 1, NULL, NULL, NULL),
(90110, 901, 9, 'MANTA', 1, NULL, NULL, NULL),
(90111, 901, 9, 'MARISCAL CÁCERES', 1, NULL, NULL, NULL),
(90112, 901, 9, 'MOYA', 1, NULL, NULL, NULL),
(90113, 901, 9, 'NUEVO OCCORO', 1, NULL, NULL, NULL),
(90114, 901, 9, 'PALCA', 1, NULL, NULL, NULL),
(90115, 901, 9, 'PILCHACA', 1, NULL, NULL, NULL),
(90116, 901, 9, 'VILCA', 1, NULL, NULL, NULL),
(90117, 901, 9, 'YAULI', 1, NULL, NULL, NULL),
(90118, 901, 9, 'ASCENSIÓN', 1, NULL, NULL, NULL),
(90119, 901, 9, 'HUANDO', 1, NULL, NULL, NULL),
(90201, 902, 9, 'ACOBAMBA', 1, NULL, NULL, NULL),
(90202, 902, 9, 'ANDABAMBA', 1, NULL, NULL, NULL),
(90203, 902, 9, 'ANTA', 1, NULL, NULL, NULL),
(90204, 902, 9, 'CAJA', 1, NULL, NULL, NULL),
(90205, 902, 9, 'MARCAS', 1, NULL, NULL, NULL),
(90206, 902, 9, 'PAUCARA', 1, NULL, NULL, NULL),
(90207, 902, 9, 'POMACOCHA', 1, NULL, NULL, NULL),
(90208, 902, 9, 'ROSARIO', 1, NULL, NULL, NULL),
(90301, 903, 9, 'LIRCAY', 1, NULL, NULL, NULL),
(90302, 903, 9, 'ANCHONGA', 1, NULL, NULL, NULL),
(90303, 903, 9, 'CALLANMARCA', 1, NULL, NULL, NULL),
(90304, 903, 9, 'CCOCHACCASA', 1, NULL, NULL, NULL),
(90305, 903, 9, 'CHINCHO', 1, NULL, NULL, NULL),
(90306, 903, 9, 'CONGALLA', 1, NULL, NULL, NULL),
(90307, 903, 9, 'HUANCA-HUANCA', 1, NULL, NULL, NULL),
(90308, 903, 9, 'HUAYLLAY GRANDE', 1, NULL, NULL, NULL),
(90309, 903, 9, 'JULCAMARCA', 1, NULL, NULL, NULL),
(90310, 903, 9, 'SAN ANTONIO DE ANTAPARCO', 1, NULL, NULL, NULL),
(90311, 903, 9, 'SANTO TOMAS DE PATA', 1, NULL, NULL, NULL),
(90312, 903, 9, 'SECCLLA', 1, NULL, NULL, NULL),
(90401, 904, 9, 'CASTROVIRREYNA', 1, NULL, NULL, NULL),
(90402, 904, 9, 'ARMA', 1, NULL, NULL, NULL),
(90403, 904, 9, 'AURAHUA', 1, NULL, NULL, NULL),
(90404, 904, 9, 'CAPILLAS', 1, NULL, NULL, NULL),
(90405, 904, 9, 'CHUPAMARCA', 1, NULL, NULL, NULL),
(90406, 904, 9, 'COCAS', 1, NULL, NULL, NULL),
(90407, 904, 9, 'HUACHOS', 1, NULL, NULL, NULL),
(90408, 904, 9, 'HUAMATAMBO', 1, NULL, NULL, NULL),
(90409, 904, 9, 'MOLLEPAMPA', 1, NULL, NULL, NULL),
(90410, 904, 9, 'SAN JUAN', 1, NULL, NULL, NULL),
(90411, 904, 9, 'SANTA ANA', 1, NULL, NULL, NULL),
(90412, 904, 9, 'TANTARA', 1, NULL, NULL, NULL),
(90413, 904, 9, 'TICRAPO', 1, NULL, NULL, NULL),
(90501, 905, 9, 'CHURCAMPA', 1, NULL, NULL, NULL),
(90502, 905, 9, 'ANCO', 1, NULL, NULL, NULL),
(90503, 905, 9, 'CHINCHIHUASI', 1, NULL, NULL, NULL),
(90504, 905, 9, 'EL CARMEN', 1, NULL, NULL, NULL),
(90505, 905, 9, 'LA MERCED', 1, NULL, NULL, NULL),
(90506, 905, 9, 'LOCROJA', 1, NULL, NULL, NULL),
(90507, 905, 9, 'PAUCARBAMBA', 1, NULL, NULL, NULL),
(90508, 905, 9, 'SAN MIGUEL DE MAYOCC', 1, NULL, NULL, NULL),
(90509, 905, 9, 'SAN PEDRO DE CORIS', 1, NULL, NULL, NULL),
(90510, 905, 9, 'PACHAMARCA', 1, NULL, NULL, NULL),
(90511, 905, 9, 'COSME', 1, NULL, NULL, NULL),
(90601, 906, 9, 'HUAYTARA', 1, NULL, NULL, NULL),
(90602, 906, 9, 'AYAVI', 1, NULL, NULL, NULL),
(90603, 906, 9, 'CÓRDOVA', 1, NULL, NULL, NULL),
(90604, 906, 9, 'HUAYACUNDO ARMA', 1, NULL, NULL, NULL),
(90605, 906, 9, 'LARAMARCA', 1, NULL, NULL, NULL),
(90606, 906, 9, 'OCOYO', 1, NULL, NULL, NULL),
(90607, 906, 9, 'PILPICHACA', 1, NULL, NULL, NULL),
(90608, 906, 9, 'QUERCO', 1, NULL, NULL, NULL),
(90609, 906, 9, 'QUITO-ARMA', 1, NULL, NULL, NULL),
(90610, 906, 9, 'SAN ANTONIO DE CUSICANCHA', 1, NULL, NULL, NULL),
(90611, 906, 9, 'SAN FRANCISCO DE SANGAYAICO', 1, NULL, NULL, NULL),
(90612, 906, 9, 'SAN ISIDRO', 1, NULL, NULL, NULL),
(90613, 906, 9, 'SANTIAGO DE CHOCORVOS', 1, NULL, NULL, NULL),
(90614, 906, 9, 'SANTIAGO DE QUIRAHUARA', 1, NULL, NULL, NULL),
(90615, 906, 9, 'SANTO DOMINGO DE CAPILLAS', 1, NULL, NULL, NULL),
(90616, 906, 9, 'TAMBO', 1, NULL, NULL, NULL),
(90701, 907, 9, 'PAMPAS', 1, NULL, NULL, NULL),
(90702, 907, 9, 'ACOSTAMBO', 1, NULL, NULL, NULL),
(90703, 907, 9, 'ACRAQUIA', 1, NULL, NULL, NULL),
(90704, 907, 9, 'AHUAYCHA', 1, NULL, NULL, NULL),
(90705, 907, 9, 'COLCABAMBA', 1, NULL, NULL, NULL),
(90706, 907, 9, 'DANIEL HERNÁNDEZ', 1, NULL, NULL, NULL),
(90707, 907, 9, 'HUACHOCOLPA', 1, NULL, NULL, NULL),
(90709, 907, 9, 'HUARIBAMBA', 1, NULL, NULL, NULL),
(90710, 907, 9, 'ÑAHUIMPUQUIO', 1, NULL, NULL, NULL),
(90711, 907, 9, 'PAZOS', 1, NULL, NULL, NULL),
(90713, 907, 9, 'QUISHUAR', 1, NULL, NULL, NULL),
(90714, 907, 9, 'SALCABAMBA', 1, NULL, NULL, NULL),
(90715, 907, 9, 'SALCAHUASI', 1, NULL, NULL, NULL),
(90716, 907, 9, 'SAN MARCOS DE ROCCHAC', 1, NULL, NULL, NULL),
(90717, 907, 9, 'SURCUBAMBA', 1, NULL, NULL, NULL),
(90718, 907, 9, 'TINTAY PUNCU', 1, NULL, NULL, NULL),
(90719, 907, 9, 'QUICHUAS', 1, NULL, NULL, NULL),
(90720, 907, 9, 'ANDAYMARCA', 1, NULL, NULL, NULL),
(90721, 907, 9, 'ROBLE', 1, NULL, NULL, NULL),
(90722, 907, 9, 'PICHOS', 1, NULL, NULL, NULL),
(90723, 907, 9, 'SANTIAGO DE TUCUMA', 1, NULL, NULL, NULL),
(100101, 1001, 10, 'HUANUCO', 1, NULL, NULL, NULL),
(100102, 1001, 10, 'AMARILIS', 1, NULL, NULL, NULL),
(100103, 1001, 10, 'CHINCHAO', 1, NULL, NULL, NULL),
(100104, 1001, 10, 'CHURUBAMBA', 1, NULL, NULL, NULL),
(100105, 1001, 10, 'MARGOS', 1, NULL, NULL, NULL),
(100106, 1001, 10, 'QUISQUI (KICHKI)', 1, NULL, NULL, NULL),
(100107, 1001, 10, 'SAN FRANCISCO DE CAYRAN', 1, NULL, NULL, NULL),
(100108, 1001, 10, 'SAN PEDRO DE CHAULAN', 1, NULL, NULL, NULL),
(100109, 1001, 10, 'SANTA MARÍA DEL VALLE', 1, NULL, NULL, NULL),
(100110, 1001, 10, 'YARUMAYO', 1, NULL, NULL, NULL),
(100111, 1001, 10, 'PILLCO MARCA', 1, NULL, NULL, NULL),
(100112, 1001, 10, 'YACUS', 1, NULL, NULL, NULL),
(100113, 1001, 10, 'SAN PABLO DE PILLAO', 1, NULL, NULL, NULL),
(100201, 1002, 10, 'AMBO', 1, NULL, NULL, NULL),
(100202, 1002, 10, 'CAYNA', 1, NULL, NULL, NULL),
(100203, 1002, 10, 'COLPAS', 1, NULL, NULL, NULL),
(100204, 1002, 10, 'CONCHAMARCA', 1, NULL, NULL, NULL),
(100205, 1002, 10, 'HUACAR', 1, NULL, NULL, NULL),
(100206, 1002, 10, 'SAN FRANCISCO', 1, NULL, NULL, NULL),
(100207, 1002, 10, 'SAN RAFAEL', 1, NULL, NULL, NULL),
(100208, 1002, 10, 'TOMAY KICHWA', 1, NULL, NULL, NULL),
(100301, 1003, 10, 'LA UNIÓN', 1, NULL, NULL, NULL),
(100307, 1003, 10, 'CHUQUIS', 1, NULL, NULL, NULL),
(100311, 1003, 10, 'MARÍAS', 1, NULL, NULL, NULL),
(100313, 1003, 10, 'PACHAS', 1, NULL, NULL, NULL),
(100316, 1003, 10, 'QUIVILLA', 1, NULL, NULL, NULL),
(100317, 1003, 10, 'RIPAN', 1, NULL, NULL, NULL),
(100321, 1003, 10, 'SHUNQUI', 1, NULL, NULL, NULL),
(100322, 1003, 10, 'SILLAPATA', 1, NULL, NULL, NULL),
(100323, 1003, 10, 'YANAS', 1, NULL, NULL, NULL),
(100401, 1004, 10, 'HUACAYBAMBA', 1, NULL, NULL, NULL),
(100402, 1004, 10, 'CANCHABAMBA', 1, NULL, NULL, NULL),
(100403, 1004, 10, 'COCHABAMBA', 1, NULL, NULL, NULL),
(100404, 1004, 10, 'PINRA', 1, NULL, NULL, NULL),
(100501, 1005, 10, 'LLATA', 1, NULL, NULL, NULL),
(100502, 1005, 10, 'ARANCAY', 1, NULL, NULL, NULL),
(100503, 1005, 10, 'CHAVÍN DE PARIARCA', 1, NULL, NULL, NULL),
(100504, 1005, 10, 'JACAS GRANDE', 1, NULL, NULL, NULL),
(100505, 1005, 10, 'JIRCAN', 1, NULL, NULL, NULL),
(100506, 1005, 10, 'MIRAFLORES', 1, NULL, NULL, NULL),
(100507, 1005, 10, 'MONZÓN', 1, NULL, NULL, NULL),
(100508, 1005, 10, 'PUNCHAO', 1, NULL, NULL, NULL),
(100509, 1005, 10, 'PUÑOS', 1, NULL, NULL, NULL),
(100510, 1005, 10, 'SINGA', 1, NULL, NULL, NULL),
(100511, 1005, 10, 'TANTAMAYO', 1, NULL, NULL, NULL),
(100601, 1006, 10, 'RUPA-RUPA', 1, NULL, NULL, NULL),
(100602, 1006, 10, 'DANIEL ALOMÍA ROBLES', 1, NULL, NULL, NULL),
(100603, 1006, 10, 'HERMÍLIO VALDIZAN', 1, NULL, NULL, NULL),
(100604, 1006, 10, 'JOSÉ CRESPO Y CASTILLO', 1, NULL, NULL, NULL),
(100605, 1006, 10, 'LUYANDO', 1, NULL, NULL, NULL),
(100606, 1006, 10, 'MARIANO DAMASO BERAUN', 1, NULL, NULL, NULL),
(100607, 1006, 10, 'PUCAYACU', 1, NULL, NULL, NULL),
(100608, 1006, 10, 'CASTILLO GRANDE', 1, NULL, NULL, NULL),
(100609, 1006, 10, 'PUEBLO NUEVO', 1, NULL, NULL, NULL),
(100610, 1006, 10, 'SANTO DOMINGO DE ANDA', 1, NULL, NULL, NULL),
(100701, 1007, 10, 'HUACRACHUCO', 1, NULL, NULL, NULL),
(100702, 1007, 10, 'CHOLON', 1, NULL, NULL, NULL),
(100703, 1007, 10, 'SAN BUENAVENTURA', 1, NULL, NULL, NULL),
(100704, 1007, 10, 'LA MORADA', 1, NULL, NULL, NULL),
(100705, 1007, 10, 'SANTA ROSA DE ALTO YANAJANCA', 1, NULL, NULL, NULL),
(100801, 1008, 10, 'PANAO', 1, NULL, NULL, NULL),
(100802, 1008, 10, 'CHAGLLA', 1, NULL, NULL, NULL),
(100803, 1008, 10, 'MOLINO', 1, NULL, NULL, NULL),
(100804, 1008, 10, 'UMARI', 1, NULL, NULL, NULL),
(100901, 1009, 10, 'PUERTO INCA', 1, NULL, NULL, NULL),
(100902, 1009, 10, 'CODO DEL POZUZO', 1, NULL, NULL, NULL),
(100903, 1009, 10, 'HONORIA', 1, NULL, NULL, NULL),
(100904, 1009, 10, 'TOURNAVISTA', 1, NULL, NULL, NULL),
(100905, 1009, 10, 'YUYAPICHIS', 1, NULL, NULL, NULL),
(101001, 1010, 10, 'JESÚS', 1, NULL, NULL, NULL),
(101002, 1010, 10, 'BAÑOS', 1, NULL, NULL, NULL),
(101003, 1010, 10, 'JIVIA', 1, NULL, NULL, NULL),
(101004, 1010, 10, 'QUEROPALCA', 1, NULL, NULL, NULL),
(101005, 1010, 10, 'RONDOS', 1, NULL, NULL, NULL),
(101006, 1010, 10, 'SAN FRANCISCO DE ASÍS', 1, NULL, NULL, NULL),
(101007, 1010, 10, 'SAN MIGUEL DE CAURI', 1, NULL, NULL, NULL),
(101101, 1011, 10, 'CHAVINILLO', 1, NULL, NULL, NULL),
(101102, 1011, 10, 'CAHUAC', 1, NULL, NULL, NULL),
(101103, 1011, 10, 'CHACABAMBA', 1, NULL, NULL, NULL),
(101104, 1011, 10, 'APARICIO POMARES', 1, NULL, NULL, NULL),
(101105, 1011, 10, 'JACAS CHICO', 1, NULL, NULL, NULL),
(101106, 1011, 10, 'OBAS', 1, NULL, NULL, NULL),
(101107, 1011, 10, 'PAMPAMARCA', 1, NULL, NULL, NULL),
(101108, 1011, 10, 'CHORAS', 1, NULL, NULL, NULL),
(110101, 1101, 11, 'ICA', 1, NULL, NULL, NULL),
(110102, 1101, 11, 'LA TINGUIÑA', 1, NULL, NULL, NULL),
(110103, 1101, 11, 'LOS AQUIJES', 1, NULL, NULL, NULL),
(110104, 1101, 11, 'OCUCAJE', 1, NULL, NULL, NULL),
(110105, 1101, 11, 'PACHACUTEC', 1, NULL, NULL, NULL),
(110106, 1101, 11, 'PARCONA', 1, NULL, NULL, NULL),
(110107, 1101, 11, 'PUEBLO NUEVO', 1, NULL, NULL, NULL),
(110108, 1101, 11, 'SALAS', 1, NULL, NULL, NULL),
(110109, 1101, 11, 'SAN JOSÉ DE LOS MOLINOS', 1, NULL, NULL, NULL),
(110110, 1101, 11, 'SAN JUAN BAUTISTA', 1, NULL, NULL, NULL),
(110111, 1101, 11, 'SANTIAGO', 1, NULL, NULL, NULL),
(110112, 1101, 11, 'SUBTANJALLA', 1, NULL, NULL, NULL),
(110113, 1101, 11, 'TATE', 1, NULL, NULL, NULL),
(110114, 1101, 11, 'YAUCA DEL ROSARIO', 1, NULL, NULL, NULL);

INSERT INTO `districts` (`id`, `province_id`, `department_id`, `description`, `active`, `created_at`, `updated_at`, `deleted_at`) VALUES
(110201, 1102, 11, 'CHINCHA ALTA', 1, NULL, NULL, NULL),
(110202, 1102, 11, 'ALTO LARAN', 1, NULL, NULL, NULL),
(110203, 1102, 11, 'CHAVIN', 1, NULL, NULL, NULL),
(110204, 1102, 11, 'CHINCHA BAJA', 1, NULL, NULL, NULL),
(110205, 1102, 11, 'EL CARMEN', 1, NULL, NULL, NULL),
(110206, 1102, 11, 'GROCIO PRADO', 1, NULL, NULL, NULL),
(110207, 1102, 11, 'PUEBLO NUEVO', 1, NULL, NULL, NULL),
(110208, 1102, 11, 'SAN JUAN DE YANAC', 1, NULL, NULL, NULL),
(110209, 1102, 11, 'SAN PEDRO DE HUACARPANA', 1, NULL, NULL, NULL),
(110210, 1102, 11, 'SUNAMPE', 1, NULL, NULL, NULL),
(110211, 1102, 11, 'TAMBO DE MORA', 1, NULL, NULL, NULL),
(110301, 1103, 11, 'NASCA', 1, NULL, NULL, NULL),
(110302, 1103, 11, 'CHANGUILLO', 1, NULL, NULL, NULL),
(110303, 1103, 11, 'EL INGENIO', 1, NULL, NULL, NULL),
(110304, 1103, 11, 'MARCONA', 1, NULL, NULL, NULL),
(110305, 1103, 11, 'VISTA ALEGRE', 1, NULL, NULL, NULL),
(110401, 1104, 11, 'PALPA', 1, NULL, NULL, NULL),
(110402, 1104, 11, 'LLIPATA', 1, NULL, NULL, NULL),
(110403, 1104, 11, 'RÍO GRANDE', 1, NULL, NULL, NULL),
(110404, 1104, 11, 'SANTA CRUZ', 1, NULL, NULL, NULL),
(110405, 1104, 11, 'TIBILLO', 1, NULL, NULL, NULL),
(110501, 1105, 11, 'PISCO', 1, NULL, NULL, NULL),
(110502, 1105, 11, 'HUANCANO', 1, NULL, NULL, NULL),
(110503, 1105, 11, 'HUMAY', 1, NULL, NULL, NULL),
(110504, 1105, 11, 'INDEPENDENCIA', 1, NULL, NULL, NULL),
(110505, 1105, 11, 'PARACAS', 1, NULL, NULL, NULL),
(110506, 1105, 11, 'SAN ANDRÉS', 1, NULL, NULL, NULL),
(110507, 1105, 11, 'SAN CLEMENTE', 1, NULL, NULL, NULL),
(110508, 1105, 11, 'TUPAC AMARU INCA', 1, NULL, NULL, NULL),
(120101, 1201, 12, 'HUANCAYO', 1, NULL, NULL, NULL),
(120104, 1201, 12, 'CARHUACALLANGA', 1, NULL, NULL, NULL),
(120105, 1201, 12, 'CHACAPAMPA', 1, NULL, NULL, NULL),
(120106, 1201, 12, 'CHICCHE', 1, NULL, NULL, NULL),
(120107, 1201, 12, 'CHILCA', 1, NULL, NULL, NULL),
(120108, 1201, 12, 'CHONGOS ALTO', 1, NULL, NULL, NULL),
(120111, 1201, 12, 'CHUPURO', 1, NULL, NULL, NULL),
(120112, 1201, 12, 'COLCA', 1, NULL, NULL, NULL),
(120113, 1201, 12, 'CULLHUAS', 1, NULL, NULL, NULL),
(120114, 1201, 12, 'EL TAMBO', 1, NULL, NULL, NULL),
(120116, 1201, 12, 'HUACRAPUQUIO', 1, NULL, NULL, NULL),
(120117, 1201, 12, 'HUALHUAS', 1, NULL, NULL, NULL),
(120119, 1201, 12, 'HUANCAN', 1, NULL, NULL, NULL),
(120120, 1201, 12, 'HUASICANCHA', 1, NULL, NULL, NULL),
(120121, 1201, 12, 'HUAYUCACHI', 1, NULL, NULL, NULL),
(120122, 1201, 12, 'INGENIO', 1, NULL, NULL, NULL),
(120124, 1201, 12, 'PARIAHUANCA', 1, NULL, NULL, NULL),
(120125, 1201, 12, 'PILCOMAYO', 1, NULL, NULL, NULL),
(120126, 1201, 12, 'PUCARA', 1, NULL, NULL, NULL),
(120127, 1201, 12, 'QUICHUAY', 1, NULL, NULL, NULL),
(120128, 1201, 12, 'QUILCAS', 1, NULL, NULL, NULL),
(120129, 1201, 12, 'SAN AGUSTÍN', 1, NULL, NULL, NULL),
(120130, 1201, 12, 'SAN JERÓNIMO DE TUNAN', 1, NULL, NULL, NULL),
(120132, 1201, 12, 'SAÑO', 1, NULL, NULL, NULL),
(120133, 1201, 12, 'SAPALLANGA', 1, NULL, NULL, NULL),
(120134, 1201, 12, 'SICAYA', 1, NULL, NULL, NULL),
(120135, 1201, 12, 'SANTO DOMINGO DE ACOBAMBA', 1, NULL, NULL, NULL),
(120136, 1201, 12, 'VIQUES', 1, NULL, NULL, NULL),
(120201, 1202, 12, 'CONCEPCIÓN', 1, NULL, NULL, NULL),
(120202, 1202, 12, 'ACO', 1, NULL, NULL, NULL),
(120203, 1202, 12, 'ANDAMARCA', 1, NULL, NULL, NULL),
(120204, 1202, 12, 'CHAMBARA', 1, NULL, NULL, NULL),
(120205, 1202, 12, 'COCHAS', 1, NULL, NULL, NULL),
(120206, 1202, 12, 'COMAS', 1, NULL, NULL, NULL),
(120207, 1202, 12, 'HEROÍNAS TOLEDO', 1, NULL, NULL, NULL),
(120208, 1202, 12, 'MANZANARES', 1, NULL, NULL, NULL),
(120209, 1202, 12, 'MARISCAL CASTILLA', 1, NULL, NULL, NULL),
(120210, 1202, 12, 'MATAHUASI', 1, NULL, NULL, NULL),
(120211, 1202, 12, 'MITO', 1, NULL, NULL, NULL),
(120212, 1202, 12, 'NUEVE DE JULIO', 1, NULL, NULL, NULL),
(120213, 1202, 12, 'ORCOTUNA', 1, NULL, NULL, NULL),
(120214, 1202, 12, 'SAN JOSÉ DE QUERO', 1, NULL, NULL, NULL),
(120215, 1202, 12, 'SANTA ROSA DE OCOPA', 1, NULL, NULL, NULL),
(120301, 1203, 12, 'CHANCHAMAYO', 1, NULL, NULL, NULL),
(120302, 1203, 12, 'PERENE', 1, NULL, NULL, NULL),
(120303, 1203, 12, 'PICHANAQUI', 1, NULL, NULL, NULL),
(120304, 1203, 12, 'SAN LUIS DE SHUARO', 1, NULL, NULL, NULL),
(120305, 1203, 12, 'SAN RAMÓN', 1, NULL, NULL, NULL),
(120306, 1203, 12, 'VITOC', 1, NULL, NULL, NULL),
(120401, 1204, 12, 'JAUJA', 1, NULL, NULL, NULL),
(120402, 1204, 12, 'ACOLLA', 1, NULL, NULL, NULL),
(120403, 1204, 12, 'APATA', 1, NULL, NULL, NULL),
(120404, 1204, 12, 'ATAURA', 1, NULL, NULL, NULL),
(120405, 1204, 12, 'CANCHAYLLO', 1, NULL, NULL, NULL),
(120406, 1204, 12, 'CURICACA', 1, NULL, NULL, NULL),
(120407, 1204, 12, 'EL MANTARO', 1, NULL, NULL, NULL),
(120408, 1204, 12, 'HUAMALI', 1, NULL, NULL, NULL),
(120409, 1204, 12, 'HUARIPAMPA', 1, NULL, NULL, NULL),
(120410, 1204, 12, 'HUERTAS', 1, NULL, NULL, NULL),
(120411, 1204, 12, 'JANJAILLO', 1, NULL, NULL, NULL),
(120412, 1204, 12, 'JULCÁN', 1, NULL, NULL, NULL),
(120413, 1204, 12, 'LEONOR ORDÓÑEZ', 1, NULL, NULL, NULL),
(120414, 1204, 12, 'LLOCLLAPAMPA', 1, NULL, NULL, NULL),
(120415, 1204, 12, 'MARCO', 1, NULL, NULL, NULL),
(120416, 1204, 12, 'MASMA', 1, NULL, NULL, NULL),
(120417, 1204, 12, 'MASMA CHICCHE', 1, NULL, NULL, NULL),
(120418, 1204, 12, 'MOLINOS', 1, NULL, NULL, NULL),
(120419, 1204, 12, 'MONOBAMBA', 1, NULL, NULL, NULL),
(120420, 1204, 12, 'MUQUI', 1, NULL, NULL, NULL),
(120421, 1204, 12, 'MUQUIYAUYO', 1, NULL, NULL, NULL),
(120422, 1204, 12, 'PACA', 1, NULL, NULL, NULL),
(120423, 1204, 12, 'PACCHA', 1, NULL, NULL, NULL),
(120424, 1204, 12, 'PANCAN', 1, NULL, NULL, NULL),
(120425, 1204, 12, 'PARCO', 1, NULL, NULL, NULL),
(120426, 1204, 12, 'POMACANCHA', 1, NULL, NULL, NULL),
(120427, 1204, 12, 'RICRAN', 1, NULL, NULL, NULL),
(120428, 1204, 12, 'SAN LORENZO', 1, NULL, NULL, NULL),
(120429, 1204, 12, 'SAN PEDRO DE CHUNAN', 1, NULL, NULL, NULL),
(120430, 1204, 12, 'SAUSA', 1, NULL, NULL, NULL),
(120431, 1204, 12, 'SINCOS', 1, NULL, NULL, NULL),
(120432, 1204, 12, 'TUNAN MARCA', 1, NULL, NULL, NULL),
(120433, 1204, 12, 'YAULI', 1, NULL, NULL, NULL),
(120434, 1204, 12, 'YAUYOS', 1, NULL, NULL, NULL),
(120501, 1205, 12, 'JUNIN', 1, NULL, NULL, NULL),
(120502, 1205, 12, 'CARHUAMAYO', 1, NULL, NULL, NULL),
(120503, 1205, 12, 'ONDORES', 1, NULL, NULL, NULL),
(120504, 1205, 12, 'ULCUMAYO', 1, NULL, NULL, NULL),
(120601, 1206, 12, 'SATIPO', 1, NULL, NULL, NULL),
(120602, 1206, 12, 'COVIRIALI', 1, NULL, NULL, NULL),
(120603, 1206, 12, 'LLAYLLA', 1, NULL, NULL, NULL),
(120604, 1206, 12, 'MAZAMARI', 1, NULL, NULL, NULL),
(120605, 1206, 12, 'PAMPA HERMOSA', 1, NULL, NULL, NULL),
(120606, 1206, 12, 'PANGOA', 1, NULL, NULL, NULL),
(120607, 1206, 12, 'RÍO NEGRO', 1, NULL, NULL, NULL),
(120608, 1206, 12, 'RÍO TAMBO', 1, NULL, NULL, NULL),
(120609, 1206, 12, 'VIZCATAN DEL ENE', 1, NULL, NULL, NULL),
(120701, 1207, 12, 'TARMA', 1, NULL, NULL, NULL),
(120702, 1207, 12, 'ACOBAMBA', 1, NULL, NULL, NULL),
(120703, 1207, 12, 'HUARICOLCA', 1, NULL, NULL, NULL),
(120704, 1207, 12, 'HUASAHUASI', 1, NULL, NULL, NULL),
(120705, 1207, 12, 'LA UNIÓN', 1, NULL, NULL, NULL),
(120706, 1207, 12, 'PALCA', 1, NULL, NULL, NULL),
(120707, 1207, 12, 'PALCAMAYO', 1, NULL, NULL, NULL),
(120708, 1207, 12, 'SAN PEDRO DE CAJAS', 1, NULL, NULL, NULL),
(120709, 1207, 12, 'TAPO', 1, NULL, NULL, NULL),
(120801, 1208, 12, 'LA OROYA', 1, NULL, NULL, NULL),
(120802, 1208, 12, 'CHACAPALPA', 1, NULL, NULL, NULL),
(120803, 1208, 12, 'HUAY-HUAY', 1, NULL, NULL, NULL),
(120804, 1208, 12, 'MARCAPOMACOCHA', 1, NULL, NULL, NULL),
(120805, 1208, 12, 'MOROCOCHA', 1, NULL, NULL, NULL),
(120806, 1208, 12, 'PACCHA', 1, NULL, NULL, NULL),
(120807, 1208, 12, 'SANTA BÁRBARA DE CARHUACAYAN', 1, NULL, NULL, NULL),
(120808, 1208, 12, 'SANTA ROSA DE SACCO', 1, NULL, NULL, NULL),
(120809, 1208, 12, 'SUITUCANCHA', 1, NULL, NULL, NULL),
(120810, 1208, 12, 'YAULI', 1, NULL, NULL, NULL),
(120901, 1209, 12, 'CHUPACA', 1, NULL, NULL, NULL),
(120902, 1209, 12, 'AHUAC', 1, NULL, NULL, NULL),
(120903, 1209, 12, 'CHONGOS BAJO', 1, NULL, NULL, NULL),
(120904, 1209, 12, 'HUACHAC', 1, NULL, NULL, NULL),
(120905, 1209, 12, 'HUAMANCACA CHICO', 1, NULL, NULL, NULL),
(120906, 1209, 12, 'SAN JUAN DE ISCOS', 1, NULL, NULL, NULL),
(120907, 1209, 12, 'SAN JUAN DE JARPA', 1, NULL, NULL, NULL),
(120908, 1209, 12, 'TRES DE DICIEMBRE', 1, NULL, NULL, NULL),
(120909, 1209, 12, 'YANACANCHA', 1, NULL, NULL, NULL),
(130101, 1301, 13, 'TRUJILLO', 1, NULL, NULL, NULL),
(130102, 1301, 13, 'EL PORVENIR', 1, NULL, NULL, NULL),
(130103, 1301, 13, 'FLORENCIA DE MORA', 1, NULL, NULL, NULL),
(130104, 1301, 13, 'HUANCHACO', 1, NULL, NULL, NULL),
(130105, 1301, 13, 'LA ESPERANZA', 1, NULL, NULL, NULL),
(130106, 1301, 13, 'LAREDO', 1, NULL, NULL, NULL),
(130107, 1301, 13, 'MOCHE', 1, NULL, NULL, NULL),
(130108, 1301, 13, 'POROTO', 1, NULL, NULL, NULL),
(130109, 1301, 13, 'SALAVERRY', 1, NULL, NULL, NULL),
(130110, 1301, 13, 'SIMBAL', 1, NULL, NULL, NULL),
(130111, 1301, 13, 'VICTOR LARCO HERRERA', 1, NULL, NULL, NULL),
(130201, 1302, 13, 'ASCOPE', 1, NULL, NULL, NULL),
(130202, 1302, 13, 'CHICAMA', 1, NULL, NULL, NULL),
(130203, 1302, 13, 'CHOCOPE', 1, NULL, NULL, NULL),
(130204, 1302, 13, 'MAGDALENA DE CAO', 1, NULL, NULL, NULL),
(130205, 1302, 13, 'PAIJAN', 1, NULL, NULL, NULL),
(130206, 1302, 13, 'RÁZURI', 1, NULL, NULL, NULL),
(130207, 1302, 13, 'SANTIAGO DE CAO', 1, NULL, NULL, NULL),
(130208, 1302, 13, 'CASA GRANDE', 1, NULL, NULL, NULL),
(130301, 1303, 13, 'BOLÍVAR', 1, NULL, NULL, NULL),
(130302, 1303, 13, 'BAMBAMARCA', 1, NULL, NULL, NULL),
(130303, 1303, 13, 'CONDORMARCA', 1, NULL, NULL, NULL),
(130304, 1303, 13, 'LONGOTEA', 1, NULL, NULL, NULL),
(130305, 1303, 13, 'UCHUMARCA', 1, NULL, NULL, NULL),
(130306, 1303, 13, 'UCUNCHA', 1, NULL, NULL, NULL),
(130401, 1304, 13, 'CHEPEN', 1, NULL, NULL, NULL),
(130402, 1304, 13, 'PACANGA', 1, NULL, NULL, NULL),
(130403, 1304, 13, 'PUEBLO NUEVO', 1, NULL, NULL, NULL),
(130501, 1305, 13, 'JULCAN', 1, NULL, NULL, NULL),
(130502, 1305, 13, 'CALAMARCA', 1, NULL, NULL, NULL),
(130503, 1305, 13, 'CARABAMBA', 1, NULL, NULL, NULL),
(130504, 1305, 13, 'HUASO', 1, NULL, NULL, NULL),
(130601, 1306, 13, 'OTUZCO', 1, NULL, NULL, NULL),
(130602, 1306, 13, 'AGALLPAMPA', 1, NULL, NULL, NULL),
(130604, 1306, 13, 'CHARAT', 1, NULL, NULL, NULL),
(130605, 1306, 13, 'HUARANCHAL', 1, NULL, NULL, NULL),
(130606, 1306, 13, 'LA CUESTA', 1, NULL, NULL, NULL),
(130608, 1306, 13, 'MACHE', 1, NULL, NULL, NULL),
(130610, 1306, 13, 'PARANDAY', 1, NULL, NULL, NULL),
(130611, 1306, 13, 'SALPO', 1, NULL, NULL, NULL),
(130613, 1306, 13, 'SINSICAP', 1, NULL, NULL, NULL),
(130614, 1306, 13, 'USQUIL', 1, NULL, NULL, NULL),
(130701, 1307, 13, 'SAN PEDRO DE LLOC', 1, NULL, NULL, NULL),
(130702, 1307, 13, 'GUADALUPE', 1, NULL, NULL, NULL),
(130703, 1307, 13, 'JEQUETEPEQUE', 1, NULL, NULL, NULL),
(130704, 1307, 13, 'PACASMAYO', 1, NULL, NULL, NULL),
(130705, 1307, 13, 'SAN JOSÉ', 1, NULL, NULL, NULL),
(130801, 1308, 13, 'TAYABAMBA', 1, NULL, NULL, NULL),
(130802, 1308, 13, 'BULDIBUYO', 1, NULL, NULL, NULL),
(130803, 1308, 13, 'CHILLIA', 1, NULL, NULL, NULL),
(130804, 1308, 13, 'HUANCASPATA', 1, NULL, NULL, NULL),
(130805, 1308, 13, 'HUAYLILLAS', 1, NULL, NULL, NULL),
(130806, 1308, 13, 'HUAYO', 1, NULL, NULL, NULL),
(130807, 1308, 13, 'ONGON', 1, NULL, NULL, NULL),
(130808, 1308, 13, 'PARCOY', 1, NULL, NULL, NULL),
(130809, 1308, 13, 'PATAZ', 1, NULL, NULL, NULL),
(130810, 1308, 13, 'PIAS', 1, NULL, NULL, NULL),
(130811, 1308, 13, 'SANTIAGO DE CHALLAS', 1, NULL, NULL, NULL),
(130812, 1308, 13, 'TAURIJA', 1, NULL, NULL, NULL),
(130813, 1308, 13, 'URPAY', 1, NULL, NULL, NULL),
(130901, 1309, 13, 'HUAMACHUCO', 1, NULL, NULL, NULL),
(130902, 1309, 13, 'CHUGAY', 1, NULL, NULL, NULL),
(130903, 1309, 13, 'COCHORCO', 1, NULL, NULL, NULL),
(130904, 1309, 13, 'CURGOS', 1, NULL, NULL, NULL),
(130905, 1309, 13, 'MARCABAL', 1, NULL, NULL, NULL),
(130906, 1309, 13, 'SANAGORAN', 1, NULL, NULL, NULL),
(130907, 1309, 13, 'SARIN', 1, NULL, NULL, NULL),
(130908, 1309, 13, 'SARTIMBAMBA', 1, NULL, NULL, NULL),
(131001, 1310, 13, 'SANTIAGO DE CHUCO', 1, NULL, NULL, NULL),
(131002, 1310, 13, 'ANGASMARCA', 1, NULL, NULL, NULL),
(131003, 1310, 13, 'CACHICADAN', 1, NULL, NULL, NULL),
(131004, 1310, 13, 'MOLLEBAMBA', 1, NULL, NULL, NULL),
(131005, 1310, 13, 'MOLLEPATA', 1, NULL, NULL, NULL),
(131006, 1310, 13, 'QUIRUVILCA', 1, NULL, NULL, NULL),
(131007, 1310, 13, 'SANTA CRUZ DE CHUCA', 1, NULL, NULL, NULL),
(131008, 1310, 13, 'SITABAMBA', 1, NULL, NULL, NULL),
(131101, 1311, 13, 'CASCAS', 1, NULL, NULL, NULL),
(131102, 1311, 13, 'LUCMA', 1, NULL, NULL, NULL),
(131103, 1311, 13, 'MARMOT', 1, NULL, NULL, NULL),
(131104, 1311, 13, 'SAYAPULLO', 1, NULL, NULL, NULL),
(131201, 1312, 13, 'VIRU', 1, NULL, NULL, NULL),
(131202, 1312, 13, 'CHAO', 1, NULL, NULL, NULL),
(131203, 1312, 13, 'GUADALUPITO', 1, NULL, NULL, NULL),
(140101, 1401, 14, 'CHICLAYO', 1, NULL, NULL, NULL),
(140102, 1401, 14, 'CHONGOYAPE', 1, NULL, NULL, NULL),
(140103, 1401, 14, 'ETEN', 1, NULL, NULL, NULL),
(140104, 1401, 14, 'ETEN PUERTO', 1, NULL, NULL, NULL),
(140105, 1401, 14, 'JOSÉ LEONARDO ORTIZ', 1, NULL, NULL, NULL),
(140106, 1401, 14, 'LA VICTORIA', 1, NULL, NULL, NULL),
(140107, 1401, 14, 'LAGUNAS', 1, NULL, NULL, NULL),
(140108, 1401, 14, 'MONSEFU', 1, NULL, NULL, NULL),
(140109, 1401, 14, 'NUEVA ARICA', 1, NULL, NULL, NULL),
(140110, 1401, 14, 'OYOTUN', 1, NULL, NULL, NULL),
(140111, 1401, 14, 'PICSI', 1, NULL, NULL, NULL),
(140112, 1401, 14, 'PIMENTEL', 1, NULL, NULL, NULL),
(140113, 1401, 14, 'REQUE', 1, NULL, NULL, NULL),
(140114, 1401, 14, 'SANTA ROSA', 1, NULL, NULL, NULL),
(140115, 1401, 14, 'SAÑA', 1, NULL, NULL, NULL),
(140116, 1401, 14, 'CAYALTI', 1, NULL, NULL, NULL),
(140117, 1401, 14, 'PATAPO', 1, NULL, NULL, NULL),
(140118, 1401, 14, 'POMALCA', 1, NULL, NULL, NULL),
(140119, 1401, 14, 'PUCALA', 1, NULL, NULL, NULL),
(140120, 1401, 14, 'TUMAN', 1, NULL, NULL, NULL),
(140201, 1402, 14, 'FERREÑAFE', 1, NULL, NULL, NULL),
(140202, 1402, 14, 'CAÑARIS', 1, NULL, NULL, NULL),
(140203, 1402, 14, 'INCAHUASI', 1, NULL, NULL, NULL),
(140204, 1402, 14, 'MANUEL ANTONIO MESONES MURO', 1, NULL, NULL, NULL),
(140205, 1402, 14, 'PITIPO', 1, NULL, NULL, NULL),
(140206, 1402, 14, 'PUEBLO NUEVO', 1, NULL, NULL, NULL),
(140301, 1403, 14, 'LAMBAYEQUE', 1, NULL, NULL, NULL),
(140302, 1403, 14, 'CHOCHOPE', 1, NULL, NULL, NULL),
(140303, 1403, 14, 'ILLIMO', 1, NULL, NULL, NULL),
(140304, 1403, 14, 'JAYANCA', 1, NULL, NULL, NULL),
(140305, 1403, 14, 'MOCHUMI', 1, NULL, NULL, NULL),
(140306, 1403, 14, 'MORROPE', 1, NULL, NULL, NULL),
(140307, 1403, 14, 'MOTUPE', 1, NULL, NULL, NULL),
(140308, 1403, 14, 'OLMOS', 1, NULL, NULL, NULL),
(140309, 1403, 14, 'PACORA', 1, NULL, NULL, NULL),
(140310, 1403, 14, 'SALAS', 1, NULL, NULL, NULL),
(140311, 1403, 14, 'SAN JOSÉ', 1, NULL, NULL, NULL),
(140312, 1403, 14, 'TUCUME', 1, NULL, NULL, NULL),
(150101, 1501, 15, 'LIMA', 1, NULL, NULL, NULL),
(150102, 1501, 15, 'ANCÓN', 1, NULL, NULL, NULL),
(150103, 1501, 15, 'ATE', 1, NULL, NULL, NULL),
(150104, 1501, 15, 'BARRANCO', 1, NULL, NULL, NULL),
(150105, 1501, 15, 'BREÑA', 1, NULL, NULL, NULL),
(150106, 1501, 15, 'CARABAYLLO', 1, NULL, NULL, NULL),
(150107, 1501, 15, 'CHACLACAYO', 1, NULL, NULL, NULL),
(150108, 1501, 15, 'CHORRILLOS', 1, NULL, NULL, NULL),
(150109, 1501, 15, 'CIENEGUILLA', 1, NULL, NULL, NULL),
(150110, 1501, 15, 'COMAS', 1, NULL, NULL, NULL),
(150111, 1501, 15, 'EL AGUSTINO', 1, NULL, NULL, NULL),
(150112, 1501, 15, 'INDEPENDENCIA', 1, NULL, NULL, NULL),
(150113, 1501, 15, 'JESÚS MARÍA', 1, NULL, NULL, NULL),
(150114, 1501, 15, 'LA MOLINA', 1, NULL, NULL, NULL),
(150115, 1501, 15, 'LA VICTORIA', 1, NULL, NULL, NULL),
(150116, 1501, 15, 'LINCE', 1, NULL, NULL, NULL),
(150117, 1501, 15, 'LOS OLIVOS', 1, NULL, NULL, NULL),
(150118, 1501, 15, 'LURIGANCHO', 1, NULL, NULL, NULL),
(150119, 1501, 15, 'LURIN', 1, NULL, NULL, NULL),
(150120, 1501, 15, 'MAGDALENA DEL MAR', 1, NULL, NULL, NULL),
(150121, 1501, 15, 'PUEBLO LIBRE', 1, NULL, NULL, NULL),
(150122, 1501, 15, 'MIRAFLORES', 1, NULL, NULL, NULL),
(150123, 1501, 15, 'PACHACAMAC', 1, NULL, NULL, NULL),
(150124, 1501, 15, 'PUCUSANA', 1, NULL, NULL, NULL),
(150125, 1501, 15, 'PUENTE PIEDRA', 1, NULL, NULL, NULL),
(150126, 1501, 15, 'PUNTA HERMOSA', 1, NULL, NULL, NULL),
(150127, 1501, 15, 'PUNTA NEGRA', 1, NULL, NULL, NULL),
(150128, 1501, 15, 'RÍMAC', 1, NULL, NULL, NULL),
(150129, 1501, 15, 'SAN BARTOLO', 1, NULL, NULL, NULL),
(150130, 1501, 15, 'SAN BORJA', 1, NULL, NULL, NULL),
(150131, 1501, 15, 'SAN ISIDRO', 1, NULL, NULL, NULL),
(150132, 1501, 15, 'SAN JUAN DE LURIGANCHO', 1, NULL, NULL, NULL),
(150133, 1501, 15, 'SAN JUAN DE MIRAFLORES', 1, NULL, NULL, NULL),
(150134, 1501, 15, 'SAN LUIS', 1, NULL, NULL, NULL),
(150135, 1501, 15, 'SAN MARTÍN DE PORRES', 1, NULL, NULL, NULL),
(150136, 1501, 15, 'SAN MIGUEL', 1, NULL, NULL, NULL),
(150137, 1501, 15, 'SANTA ANITA', 1, NULL, NULL, NULL),
(150138, 1501, 15, 'SANTA MARÍA DEL MAR', 1, NULL, NULL, NULL),
(150139, 1501, 15, 'SANTA ROSA', 1, NULL, NULL, NULL),
(150140, 1501, 15, 'SANTIAGO DE SURCO', 1, NULL, NULL, NULL),
(150141, 1501, 15, 'SURQUILLO', 1, NULL, NULL, NULL),
(150142, 1501, 15, 'VILLA EL SALVADOR', 1, NULL, NULL, NULL),
(150143, 1501, 15, 'VILLA MARÍA DEL TRIUNFO', 1, NULL, NULL, NULL),
(150201, 1502, 15, 'BARRANCA', 1, NULL, NULL, NULL),
(150202, 1502, 15, 'PARAMONGA', 1, NULL, NULL, NULL),
(150203, 1502, 15, 'PATIVILCA', 1, NULL, NULL, NULL),
(150204, 1502, 15, 'SUPE', 1, NULL, NULL, NULL),
(150205, 1502, 15, 'SUPE PUERTO', 1, NULL, NULL, NULL),
(150301, 1503, 15, 'CAJATAMBO', 1, NULL, NULL, NULL),
(150302, 1503, 15, 'COPA', 1, NULL, NULL, NULL),
(150303, 1503, 15, 'GORGOR', 1, NULL, NULL, NULL),
(150304, 1503, 15, 'HUANCAPON', 1, NULL, NULL, NULL),
(150305, 1503, 15, 'MANAS', 1, NULL, NULL, NULL),
(150401, 1504, 15, 'CANTA', 1, NULL, NULL, NULL),
(150402, 1504, 15, 'ARAHUAY', 1, NULL, NULL, NULL),
(150403, 1504, 15, 'HUAMANTANGA', 1, NULL, NULL, NULL),
(150404, 1504, 15, 'HUAROS', 1, NULL, NULL, NULL),
(150405, 1504, 15, 'LACHAQUI', 1, NULL, NULL, NULL),
(150406, 1504, 15, 'SAN BUENAVENTURA', 1, NULL, NULL, NULL),
(150407, 1504, 15, 'SANTA ROSA DE QUIVES', 1, NULL, NULL, NULL),
(150501, 1505, 15, 'SAN VICENTE DE CAÑETE', 1, NULL, NULL, NULL),
(150502, 1505, 15, 'ASIA', 1, NULL, NULL, NULL),
(150503, 1505, 15, 'CALANGO', 1, NULL, NULL, NULL),
(150504, 1505, 15, 'CERRO AZUL', 1, NULL, NULL, NULL),
(150505, 1505, 15, 'CHILCA', 1, NULL, NULL, NULL),
(150506, 1505, 15, 'COAYLLO', 1, NULL, NULL, NULL),
(150507, 1505, 15, 'IMPERIAL', 1, NULL, NULL, NULL),
(150508, 1505, 15, 'LUNAHUANA', 1, NULL, NULL, NULL),
(150509, 1505, 15, 'MALA', 1, NULL, NULL, NULL),
(150510, 1505, 15, 'NUEVO IMPERIAL', 1, NULL, NULL, NULL),
(150511, 1505, 15, 'PACARAN', 1, NULL, NULL, NULL),
(150512, 1505, 15, 'QUILMANA', 1, NULL, NULL, NULL),
(150513, 1505, 15, 'SAN ANTONIO', 1, NULL, NULL, NULL),
(150514, 1505, 15, 'SAN LUIS', 1, NULL, NULL, NULL),
(150515, 1505, 15, 'SANTA CRUZ DE FLORES', 1, NULL, NULL, NULL),
(150516, 1505, 15, 'ZÚÑIGA', 1, NULL, NULL, NULL),
(150601, 1506, 15, 'HUARAL', 1, NULL, NULL, NULL),
(150602, 1506, 15, 'ATAVILLOS ALTO', 1, NULL, NULL, NULL),
(150603, 1506, 15, 'ATAVILLOS BAJO', 1, NULL, NULL, NULL),
(150604, 1506, 15, 'AUCALLAMA', 1, NULL, NULL, NULL),
(150605, 1506, 15, 'CHANCAY', 1, NULL, NULL, NULL),
(150606, 1506, 15, 'IHUARI', 1, NULL, NULL, NULL),
(150607, 1506, 15, 'LAMPIAN', 1, NULL, NULL, NULL),
(150608, 1506, 15, 'PACARAOS', 1, NULL, NULL, NULL),
(150609, 1506, 15, 'SAN MIGUEL DE ACOS', 1, NULL, NULL, NULL),
(150610, 1506, 15, 'SANTA CRUZ DE ANDAMARCA', 1, NULL, NULL, NULL),
(150611, 1506, 15, 'SUMBILCA', 1, NULL, NULL, NULL),
(150612, 1506, 15, 'VEINTISIETE DE NOVIEMBRE', 1, NULL, NULL, NULL),
(150701, 1507, 15, 'MATUCANA', 1, NULL, NULL, NULL),
(150702, 1507, 15, 'ANTIOQUIA', 1, NULL, NULL, NULL),
(150703, 1507, 15, 'CALLAHUANCA', 1, NULL, NULL, NULL),
(150704, 1507, 15, 'CARAMPOMA', 1, NULL, NULL, NULL),
(150705, 1507, 15, 'CHICLA', 1, NULL, NULL, NULL),
(150706, 1507, 15, 'CUENCA', 1, NULL, NULL, NULL),
(150707, 1507, 15, 'HUACHUPAMPA', 1, NULL, NULL, NULL),
(150708, 1507, 15, 'HUANZA', 1, NULL, NULL, NULL),
(150709, 1507, 15, 'HUAROCHIRI', 1, NULL, NULL, NULL),
(150710, 1507, 15, 'LAHUAYTAMBO', 1, NULL, NULL, NULL),
(150711, 1507, 15, 'LANGA', 1, NULL, NULL, NULL),
(150712, 1507, 15, 'LARAOS', 1, NULL, NULL, NULL),
(150713, 1507, 15, 'MARIATANA', 1, NULL, NULL, NULL),
(150714, 1507, 15, 'RICARDO PALMA', 1, NULL, NULL, NULL),
(150715, 1507, 15, 'SAN ANDRÉS DE TUPICOCHA', 1, NULL, NULL, NULL),
(150716, 1507, 15, 'SAN ANTONIO', 1, NULL, NULL, NULL),
(150717, 1507, 15, 'SAN BARTOLOMÉ', 1, NULL, NULL, NULL),
(150718, 1507, 15, 'SAN DAMIAN', 1, NULL, NULL, NULL),
(150719, 1507, 15, 'SAN JUAN DE IRIS', 1, NULL, NULL, NULL),
(150720, 1507, 15, 'SAN JUAN DE TANTARANCHE', 1, NULL, NULL, NULL),
(150721, 1507, 15, 'SAN LORENZO DE QUINTI', 1, NULL, NULL, NULL),
(150722, 1507, 15, 'SAN MATEO', 1, NULL, NULL, NULL),
(150723, 1507, 15, 'SAN MATEO DE OTAO', 1, NULL, NULL, NULL),
(150724, 1507, 15, 'SAN PEDRO DE CASTA', 1, NULL, NULL, NULL),
(150725, 1507, 15, 'SAN PEDRO DE HUANCAYRE', 1, NULL, NULL, NULL),
(150726, 1507, 15, 'SANGALLAYA', 1, NULL, NULL, NULL),
(150727, 1507, 15, 'SANTA CRUZ DE COCACHACRA', 1, NULL, NULL, NULL),
(150728, 1507, 15, 'SANTA EULALIA', 1, NULL, NULL, NULL),
(150729, 1507, 15, 'SANTIAGO DE ANCHUCAYA', 1, NULL, NULL, NULL),
(150730, 1507, 15, 'SANTIAGO DE TUNA', 1, NULL, NULL, NULL),
(150731, 1507, 15, 'SANTO DOMINGO DE LOS OLLEROS', 1, NULL, NULL, NULL),
(150732, 1507, 15, 'SURCO', 1, NULL, NULL, NULL),
(150801, 1508, 15, 'HUACHO', 1, NULL, NULL, NULL),
(150802, 1508, 15, 'AMBAR', 1, NULL, NULL, NULL),
(150803, 1508, 15, 'CALETA DE CARQUIN', 1, NULL, NULL, NULL),
(150804, 1508, 15, 'CHECRAS', 1, NULL, NULL, NULL),
(150805, 1508, 15, 'HUALMAY', 1, NULL, NULL, NULL),
(150806, 1508, 15, 'HUAURA', 1, NULL, NULL, NULL),
(150807, 1508, 15, 'LEONCIO PRADO', 1, NULL, NULL, NULL),
(150808, 1508, 15, 'PACCHO', 1, NULL, NULL, NULL),
(150809, 1508, 15, 'SANTA LEONOR', 1, NULL, NULL, NULL),
(150810, 1508, 15, 'SANTA MARÍA', 1, NULL, NULL, NULL),
(150811, 1508, 15, 'SAYAN', 1, NULL, NULL, NULL),
(150812, 1508, 15, 'VEGUETA', 1, NULL, NULL, NULL),
(150901, 1509, 15, 'OYON', 1, NULL, NULL, NULL),
(150902, 1509, 15, 'ANDAJES', 1, NULL, NULL, NULL),
(150903, 1509, 15, 'CAUJUL', 1, NULL, NULL, NULL),
(150904, 1509, 15, 'COCHAMARCA', 1, NULL, NULL, NULL),
(150905, 1509, 15, 'NAVAN', 1, NULL, NULL, NULL),
(150906, 1509, 15, 'PACHANGARA', 1, NULL, NULL, NULL),
(151001, 1510, 15, 'YAUYOS', 1, NULL, NULL, NULL),
(151002, 1510, 15, 'ALIS', 1, NULL, NULL, NULL),
(151003, 1510, 15, 'ALLAUCA', 1, NULL, NULL, NULL),
(151004, 1510, 15, 'AYAVIRI', 1, NULL, NULL, NULL),
(151005, 1510, 15, 'AZÁNGARO', 1, NULL, NULL, NULL),
(151006, 1510, 15, 'CACRA', 1, NULL, NULL, NULL),
(151007, 1510, 15, 'CARANIA', 1, NULL, NULL, NULL),
(151008, 1510, 15, 'CATAHUASI', 1, NULL, NULL, NULL),
(151009, 1510, 15, 'CHOCOS', 1, NULL, NULL, NULL),
(151010, 1510, 15, 'COCHAS', 1, NULL, NULL, NULL),
(151011, 1510, 15, 'COLONIA', 1, NULL, NULL, NULL),
(151012, 1510, 15, 'HONGOS', 1, NULL, NULL, NULL),
(151013, 1510, 15, 'HUAMPARA', 1, NULL, NULL, NULL),
(151014, 1510, 15, 'HUANCAYA', 1, NULL, NULL, NULL),
(151015, 1510, 15, 'HUANGASCAR', 1, NULL, NULL, NULL),
(151016, 1510, 15, 'HUANTAN', 1, NULL, NULL, NULL),
(151017, 1510, 15, 'HUAÑEC', 1, NULL, NULL, NULL),
(151018, 1510, 15, 'LARAOS', 1, NULL, NULL, NULL),
(151019, 1510, 15, 'LINCHA', 1, NULL, NULL, NULL),
(151020, 1510, 15, 'MADEAN', 1, NULL, NULL, NULL),
(151021, 1510, 15, 'MIRAFLORES', 1, NULL, NULL, NULL),
(151022, 1510, 15, 'OMAS', 1, NULL, NULL, NULL),
(151023, 1510, 15, 'PUTINZA', 1, NULL, NULL, NULL),
(151024, 1510, 15, 'QUINCHES', 1, NULL, NULL, NULL),
(151025, 1510, 15, 'QUINOCAY', 1, NULL, NULL, NULL),
(151026, 1510, 15, 'SAN JOAQUÍN', 1, NULL, NULL, NULL),
(151027, 1510, 15, 'SAN PEDRO DE PILAS', 1, NULL, NULL, NULL),
(151028, 1510, 15, 'TANTA', 1, NULL, NULL, NULL),
(151029, 1510, 15, 'TAURIPAMPA', 1, NULL, NULL, NULL),
(151030, 1510, 15, 'TOMAS', 1, NULL, NULL, NULL),
(151031, 1510, 15, 'TUPE', 1, NULL, NULL, NULL),
(151032, 1510, 15, 'VIÑAC', 1, NULL, NULL, NULL),
(151033, 1510, 15, 'VITIS', 1, NULL, NULL, NULL),
(160101, 1601, 16, 'IQUITOS', 1, NULL, NULL, NULL),
(160102, 1601, 16, 'ALTO NANAY', 1, NULL, NULL, NULL),
(160103, 1601, 16, 'FERNANDO LORES', 1, NULL, NULL, NULL),
(160104, 1601, 16, 'INDIANA', 1, NULL, NULL, NULL),
(160105, 1601, 16, 'LAS AMAZONAS', 1, NULL, NULL, NULL),
(160106, 1601, 16, 'MAZAN', 1, NULL, NULL, NULL),
(160107, 1601, 16, 'NAPO', 1, NULL, NULL, NULL),
(160108, 1601, 16, 'PUNCHANA', 1, NULL, NULL, NULL),
(160110, 1601, 16, 'TORRES CAUSANA', 1, NULL, NULL, NULL),
(160112, 1601, 16, 'BELÉN', 1, NULL, NULL, NULL),
(160113, 1601, 16, 'SAN JUAN BAUTISTA', 1, NULL, NULL, NULL),
(160201, 1602, 16, 'YURIMAGUAS', 1, NULL, NULL, NULL),
(160202, 1602, 16, 'BALSAPUERTO', 1, NULL, NULL, NULL),
(160205, 1602, 16, 'JEBEROS', 1, NULL, NULL, NULL),
(160206, 1602, 16, 'LAGUNAS', 1, NULL, NULL, NULL),
(160210, 1602, 16, 'SANTA CRUZ', 1, NULL, NULL, NULL),
(160211, 1602, 16, 'TENIENTE CESAR LÓPEZ ROJAS', 1, NULL, NULL, NULL),
(160301, 1603, 16, 'NAUTA', 1, NULL, NULL, NULL),
(160302, 1603, 16, 'PARINARI', 1, NULL, NULL, NULL),
(160303, 1603, 16, 'TIGRE', 1, NULL, NULL, NULL),
(160304, 1603, 16, 'TROMPETEROS', 1, NULL, NULL, NULL),
(160305, 1603, 16, 'URARINAS', 1, NULL, NULL, NULL),
(160401, 1604, 16, 'RAMÓN CASTILLA', 1, NULL, NULL, NULL),
(160402, 1604, 16, 'PEBAS', 1, NULL, NULL, NULL),
(160403, 1604, 16, 'YAVARI', 1, NULL, NULL, NULL),
(160404, 1604, 16, 'SAN PABLO', 1, NULL, NULL, NULL),
(160501, 1605, 16, 'REQUENA', 1, NULL, NULL, NULL),
(160502, 1605, 16, 'ALTO TAPICHE', 1, NULL, NULL, NULL),
(160503, 1605, 16, 'CAPELO', 1, NULL, NULL, NULL),
(160504, 1605, 16, 'EMILIO SAN MARTÍN', 1, NULL, NULL, NULL),
(160505, 1605, 16, 'MAQUIA', 1, NULL, NULL, NULL),
(160506, 1605, 16, 'PUINAHUA', 1, NULL, NULL, NULL),
(160507, 1605, 16, 'SAQUENA', 1, NULL, NULL, NULL),
(160508, 1605, 16, 'SOPLIN', 1, NULL, NULL, NULL),
(160509, 1605, 16, 'TAPICHE', 1, NULL, NULL, NULL),
(160510, 1605, 16, 'JENARO HERRERA', 1, NULL, NULL, NULL),
(160511, 1605, 16, 'YAQUERANA', 1, NULL, NULL, NULL),
(160601, 1606, 16, 'CONTAMANA', 1, NULL, NULL, NULL),
(160602, 1606, 16, 'INAHUAYA', 1, NULL, NULL, NULL),
(160603, 1606, 16, 'PADRE MÁRQUEZ', 1, NULL, NULL, NULL),
(160604, 1606, 16, 'PAMPA HERMOSA', 1, NULL, NULL, NULL),
(160605, 1606, 16, 'SARAYACU', 1, NULL, NULL, NULL),
(160606, 1606, 16, 'VARGAS GUERRA', 1, NULL, NULL, NULL),
(160701, 1607, 16, 'BARRANCA', 1, NULL, NULL, NULL),
(160702, 1607, 16, 'CAHUAPANAS', 1, NULL, NULL, NULL),
(160703, 1607, 16, 'MANSERICHE', 1, NULL, NULL, NULL),
(160704, 1607, 16, 'MORONA', 1, NULL, NULL, NULL),
(160705, 1607, 16, 'PASTAZA', 1, NULL, NULL, NULL),
(160706, 1607, 16, 'ANDOAS', 1, NULL, NULL, NULL),
(160801, 1608, 16, 'PUTUMAYO', 1, NULL, NULL, NULL),
(160802, 1608, 16, 'ROSA PANDURO', 1, NULL, NULL, NULL),
(160803, 1608, 16, 'TENIENTE MANUEL CLAVERO', 1, NULL, NULL, NULL),
(160804, 1608, 16, 'YAGUAS', 1, NULL, NULL, NULL),
(170101, 1701, 17, 'TAMBOPATA', 1, NULL, NULL, NULL),
(170102, 1701, 17, 'INAMBARI', 1, NULL, NULL, NULL),
(170103, 1701, 17, 'LAS PIEDRAS', 1, NULL, NULL, NULL),
(170104, 1701, 17, 'LABERINTO', 1, NULL, NULL, NULL),
(170201, 1702, 17, 'MANU', 1, NULL, NULL, NULL),
(170202, 1702, 17, 'FITZCARRALD', 1, NULL, NULL, NULL),
(170203, 1702, 17, 'MADRE DE DIOS', 1, NULL, NULL, NULL),
(170204, 1702, 17, 'HUEPETUHE', 1, NULL, NULL, NULL),
(170301, 1703, 17, 'IÑAPARI', 1, NULL, NULL, NULL),
(170302, 1703, 17, 'IBERIA', 1, NULL, NULL, NULL),
(170303, 1703, 17, 'TAHUAMANU', 1, NULL, NULL, NULL),
(180101, 1801, 18, 'MOQUEGUA', 1, NULL, NULL, NULL),
(180102, 1801, 18, 'CARUMAS', 1, NULL, NULL, NULL),
(180103, 1801, 18, 'CUCHUMBAYA', 1, NULL, NULL, NULL),
(180104, 1801, 18, 'SAMEGUA', 1, NULL, NULL, NULL),
(180105, 1801, 18, 'SAN CRISTÓBAL', 1, NULL, NULL, NULL),
(180106, 1801, 18, 'TORATA', 1, NULL, NULL, NULL),
(180201, 1802, 18, 'OMATE', 1, NULL, NULL, NULL),
(180202, 1802, 18, 'CHOJATA', 1, NULL, NULL, NULL),
(180203, 1802, 18, 'COALAQUE', 1, NULL, NULL, NULL),
(180204, 1802, 18, 'ICHUÑA', 1, NULL, NULL, NULL),
(180205, 1802, 18, 'LA CAPILLA', 1, NULL, NULL, NULL),
(180206, 1802, 18, 'LLOQUE', 1, NULL, NULL, NULL),
(180207, 1802, 18, 'MATALAQUE', 1, NULL, NULL, NULL),
(180208, 1802, 18, 'PUQUINA', 1, NULL, NULL, NULL),
(180209, 1802, 18, 'QUINISTAQUILLAS', 1, NULL, NULL, NULL),
(180210, 1802, 18, 'UBINAS', 1, NULL, NULL, NULL),
(180211, 1802, 18, 'YUNGA', 1, NULL, NULL, NULL),
(180301, 1803, 18, 'ILO', 1, NULL, NULL, NULL),
(180302, 1803, 18, 'EL ALGARROBAL', 1, NULL, NULL, NULL),
(180303, 1803, 18, 'PACOCHA', 1, NULL, NULL, NULL),
(190101, 1901, 19, 'CHAUPIMARCA', 1, NULL, NULL, NULL),
(190102, 1901, 19, 'HUACHON', 1, NULL, NULL, NULL),
(190103, 1901, 19, 'HUARIACA', 1, NULL, NULL, NULL),
(190104, 1901, 19, 'HUAYLLAY', 1, NULL, NULL, NULL),
(190105, 1901, 19, 'NINACACA', 1, NULL, NULL, NULL),
(190106, 1901, 19, 'PALLANCHACRA', 1, NULL, NULL, NULL),
(190107, 1901, 19, 'PAUCARTAMBO', 1, NULL, NULL, NULL),
(190108, 1901, 19, 'SAN FRANCISCO DE ASÍS DE YARUSYACAN', 1, NULL, NULL, NULL),
(190109, 1901, 19, 'SIMON BOLÍVAR', 1, NULL, NULL, NULL),
(190110, 1901, 19, 'TICLACAYAN', 1, NULL, NULL, NULL),
(190111, 1901, 19, 'TINYAHUARCO', 1, NULL, NULL, NULL),
(190112, 1901, 19, 'VICCO', 1, NULL, NULL, NULL),
(190113, 1901, 19, 'YANACANCHA', 1, NULL, NULL, NULL),
(190201, 1902, 19, 'YANAHUANCA', 1, NULL, NULL, NULL),
(190202, 1902, 19, 'CHACAYAN', 1, NULL, NULL, NULL),
(190203, 1902, 19, 'GOYLLARISQUIZGA', 1, NULL, NULL, NULL),
(190204, 1902, 19, 'PAUCAR', 1, NULL, NULL, NULL),
(190205, 1902, 19, 'SAN PEDRO DE PILLAO', 1, NULL, NULL, NULL),
(190206, 1902, 19, 'SANTA ANA DE TUSI', 1, NULL, NULL, NULL),
(190207, 1902, 19, 'TAPUC', 1, NULL, NULL, NULL),
(190208, 1902, 19, 'VILCABAMBA', 1, NULL, NULL, NULL),
(190301, 1903, 19, 'OXAPAMPA', 1, NULL, NULL, NULL),
(190302, 1903, 19, 'CHONTABAMBA', 1, NULL, NULL, NULL),
(190303, 1903, 19, 'HUANCABAMBA', 1, NULL, NULL, NULL),
(190304, 1903, 19, 'PALCAZU', 1, NULL, NULL, NULL),
(190305, 1903, 19, 'POZUZO', 1, NULL, NULL, NULL),
(190306, 1903, 19, 'PUERTO BERMÚDEZ', 1, NULL, NULL, NULL),
(190307, 1903, 19, 'VILLA RICA', 1, NULL, NULL, NULL),
(190308, 1903, 19, 'CONSTITUCIÓN', 1, NULL, NULL, NULL),
(200101, 2001, 20, 'PIURA', 1, NULL, NULL, NULL),
(200104, 2001, 20, 'CASTILLA', 1, NULL, NULL, NULL),
(200105, 2001, 20, 'CATACAOS', 1, NULL, NULL, NULL),
(200107, 2001, 20, 'CURA MORI', 1, NULL, NULL, NULL),
(200108, 2001, 20, 'EL TALLAN', 1, NULL, NULL, NULL),
(200109, 2001, 20, 'LA ARENA', 1, NULL, NULL, NULL),
(200110, 2001, 20, 'LA UNIÓN', 1, NULL, NULL, NULL),
(200111, 2001, 20, 'LAS LOMAS', 1, NULL, NULL, NULL),
(200114, 2001, 20, 'TAMBO GRANDE', 1, NULL, NULL, NULL),
(200115, 2001, 20, 'VEINTISEIS DE OCTUBRE', 1, NULL, NULL, NULL),
(200201, 2002, 20, 'AYABACA', 1, NULL, NULL, NULL),
(200202, 2002, 20, 'FRIAS', 1, NULL, NULL, NULL),
(200203, 2002, 20, 'JILILI', 1, NULL, NULL, NULL),
(200204, 2002, 20, 'LAGUNAS', 1, NULL, NULL, NULL),
(200205, 2002, 20, 'MONTERO', 1, NULL, NULL, NULL),
(200206, 2002, 20, 'PACAIPAMPA', 1, NULL, NULL, NULL),
(200207, 2002, 20, 'PAIMAS', 1, NULL, NULL, NULL),
(200208, 2002, 20, 'SAPILLICA', 1, NULL, NULL, NULL),
(200209, 2002, 20, 'SICCHEZ', 1, NULL, NULL, NULL),
(200210, 2002, 20, 'SUYO', 1, NULL, NULL, NULL),
(200301, 2003, 20, 'HUANCABAMBA', 1, NULL, NULL, NULL),
(200302, 2003, 20, 'CANCHAQUE', 1, NULL, NULL, NULL),
(200303, 2003, 20, 'EL CARMEN DE LA FRONTERA', 1, NULL, NULL, NULL),
(200304, 2003, 20, 'HUARMACA', 1, NULL, NULL, NULL),
(200305, 2003, 20, 'LALAQUIZ', 1, NULL, NULL, NULL),
(200306, 2003, 20, 'SAN MIGUEL DE EL FAIQUE', 1, NULL, NULL, NULL),
(200307, 2003, 20, 'SONDOR', 1, NULL, NULL, NULL),
(200308, 2003, 20, 'SONDORILLO', 1, NULL, NULL, NULL),
(200401, 2004, 20, 'CHULUCANAS', 1, NULL, NULL, NULL),
(200402, 2004, 20, 'BUENOS AIRES', 1, NULL, NULL, NULL),
(200403, 2004, 20, 'CHALACO', 1, NULL, NULL, NULL),
(200404, 2004, 20, 'LA MATANZA', 1, NULL, NULL, NULL),
(200405, 2004, 20, 'MORROPON', 1, NULL, NULL, NULL),
(200406, 2004, 20, 'SALITRAL', 1, NULL, NULL, NULL),
(200407, 2004, 20, 'SAN JUAN DE BIGOTE', 1, NULL, NULL, NULL),
(200408, 2004, 20, 'SANTA CATALINA DE MOSSA', 1, NULL, NULL, NULL),
(200409, 2004, 20, 'SANTO DOMINGO', 1, NULL, NULL, NULL),
(200410, 2004, 20, 'YAMANGO', 1, NULL, NULL, NULL),
(200501, 2005, 20, 'PAITA', 1, NULL, NULL, NULL),
(200502, 2005, 20, 'AMOTAPE', 1, NULL, NULL, NULL),
(200503, 2005, 20, 'ARENAL', 1, NULL, NULL, NULL),
(200504, 2005, 20, 'COLAN', 1, NULL, NULL, NULL),
(200505, 2005, 20, 'LA HUACA', 1, NULL, NULL, NULL),
(200506, 2005, 20, 'TAMARINDO', 1, NULL, NULL, NULL),
(200507, 2005, 20, 'VICHAYAL', 1, NULL, NULL, NULL),
(200601, 2006, 20, 'SULLANA', 1, NULL, NULL, NULL),
(200602, 2006, 20, 'BELLAVISTA', 1, NULL, NULL, NULL),
(200603, 2006, 20, 'IGNACIO ESCUDERO', 1, NULL, NULL, NULL),
(200604, 2006, 20, 'LANCONES', 1, NULL, NULL, NULL),
(200605, 2006, 20, 'MARCAVELICA', 1, NULL, NULL, NULL),
(200606, 2006, 20, 'MIGUEL CHECA', 1, NULL, NULL, NULL),
(200607, 2006, 20, 'QUERECOTILLO', 1, NULL, NULL, NULL),
(200608, 2006, 20, 'SALITRAL', 1, NULL, NULL, NULL),
(200701, 2007, 20, 'PARIÑAS', 1, NULL, NULL, NULL),
(200702, 2007, 20, 'EL ALTO', 1, NULL, NULL, NULL),
(200703, 2007, 20, 'LA BREA', 1, NULL, NULL, NULL),
(200704, 2007, 20, 'LOBITOS', 1, NULL, NULL, NULL),
(200705, 2007, 20, 'LOS ORGANOS', 1, NULL, NULL, NULL),
(200706, 2007, 20, 'MANCORA', 1, NULL, NULL, NULL),
(200801, 2008, 20, 'SECHURA', 1, NULL, NULL, NULL),
(200802, 2008, 20, 'BELLAVISTA DE LA UNIÓN', 1, NULL, NULL, NULL),
(200803, 2008, 20, 'BERNAL', 1, NULL, NULL, NULL),
(200804, 2008, 20, 'CRISTO NOS VALGA', 1, NULL, NULL, NULL),
(200805, 2008, 20, 'VICE', 1, NULL, NULL, NULL),
(200806, 2008, 20, 'RINCONADA LLICUAR', 1, NULL, NULL, NULL),
(210101, 2101, 21, 'PUNO', 1, NULL, NULL, NULL),
(210102, 2101, 21, 'ACORA', 1, NULL, NULL, NULL),
(210103, 2101, 21, 'AMANTANI', 1, NULL, NULL, NULL),
(210104, 2101, 21, 'ATUNCOLLA', 1, NULL, NULL, NULL),
(210105, 2101, 21, 'CAPACHICA', 1, NULL, NULL, NULL),
(210106, 2101, 21, 'CHUCUITO', 1, NULL, NULL, NULL),
(210107, 2101, 21, 'COATA', 1, NULL, NULL, NULL),
(210108, 2101, 21, 'HUATA', 1, NULL, NULL, NULL),
(210109, 2101, 21, 'MAÑAZO', 1, NULL, NULL, NULL),
(210110, 2101, 21, 'PAUCARCOLLA', 1, NULL, NULL, NULL),
(210111, 2101, 21, 'PICHACANI', 1, NULL, NULL, NULL),
(210112, 2101, 21, 'PLATERIA', 1, NULL, NULL, NULL),
(210113, 2101, 21, 'SAN ANTONIO', 1, NULL, NULL, NULL),
(210114, 2101, 21, 'TIQUILLACA', 1, NULL, NULL, NULL),
(210115, 2101, 21, 'VILQUE', 1, NULL, NULL, NULL),
(210201, 2102, 21, 'AZÁNGARO', 1, NULL, NULL, NULL),
(210202, 2102, 21, 'ACHAYA', 1, NULL, NULL, NULL),
(210203, 2102, 21, 'ARAPA', 1, NULL, NULL, NULL),
(210204, 2102, 21, 'ASILLO', 1, NULL, NULL, NULL),
(210205, 2102, 21, 'CAMINACA', 1, NULL, NULL, NULL),
(210206, 2102, 21, 'CHUPA', 1, NULL, NULL, NULL),
(210207, 2102, 21, 'JOSÉ DOMINGO CHOQUEHUANCA', 1, NULL, NULL, NULL),
(210208, 2102, 21, 'MUÑANI', 1, NULL, NULL, NULL),
(210209, 2102, 21, 'POTONI', 1, NULL, NULL, NULL),
(210210, 2102, 21, 'SAMAN', 1, NULL, NULL, NULL),
(210211, 2102, 21, 'SAN ANTON', 1, NULL, NULL, NULL),
(210212, 2102, 21, 'SAN JOSÉ', 1, NULL, NULL, NULL),
(210213, 2102, 21, 'SAN JUAN DE SALINAS', 1, NULL, NULL, NULL),
(210214, 2102, 21, 'SANTIAGO DE PUPUJA', 1, NULL, NULL, NULL),
(210215, 2102, 21, 'TIRAPATA', 1, NULL, NULL, NULL),
(210301, 2103, 21, 'MACUSANI', 1, NULL, NULL, NULL),
(210302, 2103, 21, 'AJOYANI', 1, NULL, NULL, NULL),
(210303, 2103, 21, 'AYAPATA', 1, NULL, NULL, NULL),
(210304, 2103, 21, 'COASA', 1, NULL, NULL, NULL),
(210305, 2103, 21, 'CORANI', 1, NULL, NULL, NULL),
(210306, 2103, 21, 'CRUCERO', 1, NULL, NULL, NULL),
(210307, 2103, 21, 'ITUATA', 1, NULL, NULL, NULL),
(210308, 2103, 21, 'OLLACHEA', 1, NULL, NULL, NULL),
(210309, 2103, 21, 'SAN GABAN', 1, NULL, NULL, NULL),
(210310, 2103, 21, 'USICAYOS', 1, NULL, NULL, NULL),
(210401, 2104, 21, 'JULI', 1, NULL, NULL, NULL),
(210402, 2104, 21, 'DESAGUADERO', 1, NULL, NULL, NULL),
(210403, 2104, 21, 'HUACULLANI', 1, NULL, NULL, NULL),
(210404, 2104, 21, 'KELLUYO', 1, NULL, NULL, NULL),
(210405, 2104, 21, 'PISACOMA', 1, NULL, NULL, NULL),
(210406, 2104, 21, 'POMATA', 1, NULL, NULL, NULL),
(210407, 2104, 21, 'ZEPITA', 1, NULL, NULL, NULL),
(210501, 2105, 21, 'ILAVE', 1, NULL, NULL, NULL),
(210502, 2105, 21, 'CAPAZO', 1, NULL, NULL, NULL),
(210503, 2105, 21, 'PILCUYO', 1, NULL, NULL, NULL),
(210504, 2105, 21, 'SANTA ROSA', 1, NULL, NULL, NULL),
(210505, 2105, 21, 'CONDURIRI', 1, NULL, NULL, NULL),
(210601, 2106, 21, 'HUANCANE', 1, NULL, NULL, NULL),
(210602, 2106, 21, 'COJATA', 1, NULL, NULL, NULL),
(210603, 2106, 21, 'HUATASANI', 1, NULL, NULL, NULL),
(210604, 2106, 21, 'INCHUPALLA', 1, NULL, NULL, NULL),
(210605, 2106, 21, 'PUSI', 1, NULL, NULL, NULL),
(210606, 2106, 21, 'ROSASPATA', 1, NULL, NULL, NULL),
(210607, 2106, 21, 'TARACO', 1, NULL, NULL, NULL),
(210608, 2106, 21, 'VILQUE CHICO', 1, NULL, NULL, NULL),
(210701, 2107, 21, 'LAMPA', 1, NULL, NULL, NULL),
(210702, 2107, 21, 'CABANILLA', 1, NULL, NULL, NULL),
(210703, 2107, 21, 'CALAPUJA', 1, NULL, NULL, NULL),
(210704, 2107, 21, 'NICASIO', 1, NULL, NULL, NULL),
(210705, 2107, 21, 'OCUVIRI', 1, NULL, NULL, NULL),
(210706, 2107, 21, 'PALCA', 1, NULL, NULL, NULL),
(210707, 2107, 21, 'PARATIA', 1, NULL, NULL, NULL),
(210708, 2107, 21, 'PUCARA', 1, NULL, NULL, NULL),
(210709, 2107, 21, 'SANTA LUCIA', 1, NULL, NULL, NULL),
(210710, 2107, 21, 'VILAVILA', 1, NULL, NULL, NULL),
(210801, 2108, 21, 'AYAVIRI', 1, NULL, NULL, NULL),
(210802, 2108, 21, 'ANTAUTA', 1, NULL, NULL, NULL),
(210803, 2108, 21, 'CUPI', 1, NULL, NULL, NULL),
(210804, 2108, 21, 'LLALLI', 1, NULL, NULL, NULL),
(210805, 2108, 21, 'MACARI', 1, NULL, NULL, NULL),
(210806, 2108, 21, 'NUÑOA', 1, NULL, NULL, NULL),
(210807, 2108, 21, 'ORURILLO', 1, NULL, NULL, NULL),
(210808, 2108, 21, 'SANTA ROSA', 1, NULL, NULL, NULL),
(210809, 2108, 21, 'UMACHIRI', 1, NULL, NULL, NULL),
(210901, 2109, 21, 'MOHO', 1, NULL, NULL, NULL),
(210902, 2109, 21, 'CONIMA', 1, NULL, NULL, NULL),
(210903, 2109, 21, 'HUAYRAPATA', 1, NULL, NULL, NULL),
(210904, 2109, 21, 'TILALI', 1, NULL, NULL, NULL),
(211001, 2110, 21, 'PUTINA', 1, NULL, NULL, NULL),
(211002, 2110, 21, 'ANANEA', 1, NULL, NULL, NULL),
(211003, 2110, 21, 'PEDRO VILCA APAZA', 1, NULL, NULL, NULL),
(211004, 2110, 21, 'QUILCAPUNCU', 1, NULL, NULL, NULL),
(211005, 2110, 21, 'SINA', 1, NULL, NULL, NULL),
(211101, 2111, 21, 'JULIACA', 1, NULL, NULL, NULL),
(211102, 2111, 21, 'CABANA', 1, NULL, NULL, NULL),
(211103, 2111, 21, 'CABANILLAS', 1, NULL, NULL, NULL),
(211104, 2111, 21, 'CARACOTO', 1, NULL, NULL, NULL),
(211105, 2111, 21, 'SAN MIGUEL', 1, NULL, NULL, NULL),
(211201, 2112, 21, 'SANDIA', 1, NULL, NULL, NULL),
(211202, 2112, 21, 'CUYOCUYO', 1, NULL, NULL, NULL),
(211203, 2112, 21, 'LIMBANI', 1, NULL, NULL, NULL),
(211204, 2112, 21, 'PATAMBUCO', 1, NULL, NULL, NULL),
(211205, 2112, 21, 'PHARA', 1, NULL, NULL, NULL),
(211206, 2112, 21, 'QUIACA', 1, NULL, NULL, NULL),
(211207, 2112, 21, 'SAN JUAN DEL ORO', 1, NULL, NULL, NULL),
(211208, 2112, 21, 'YANAHUAYA', 1, NULL, NULL, NULL),
(211209, 2112, 21, 'ALTO INAMBARI', 1, NULL, NULL, NULL),
(211210, 2112, 21, 'SAN PEDRO DE PUTINA PUNCO', 1, NULL, NULL, NULL),
(211301, 2113, 21, 'YUNGUYO', 1, NULL, NULL, NULL),
(211302, 2113, 21, 'ANAPIA', 1, NULL, NULL, NULL),
(211303, 2113, 21, 'COPANI', 1, NULL, NULL, NULL),
(211304, 2113, 21, 'CUTURAPI', 1, NULL, NULL, NULL),
(211305, 2113, 21, 'OLLARAYA', 1, NULL, NULL, NULL),
(211306, 2113, 21, 'TINICACHI', 1, NULL, NULL, NULL),
(211307, 2113, 21, 'UNICACHI', 1, NULL, NULL, NULL),
(220101, 2201, 22, 'MOYOBAMBA', 1, NULL, NULL, NULL),
(220102, 2201, 22, 'CALZADA', 1, NULL, NULL, NULL),
(220103, 2201, 22, 'HABANA', 1, NULL, NULL, NULL),
(220104, 2201, 22, 'JEPELACIO', 1, NULL, NULL, NULL),
(220105, 2201, 22, 'SORITOR', 1, NULL, NULL, NULL),
(220106, 2201, 22, 'YANTALO', 1, NULL, NULL, NULL),
(220201, 2202, 22, 'BELLAVISTA', 1, NULL, NULL, NULL),
(220202, 2202, 22, 'ALTO BIAVO', 1, NULL, NULL, NULL),
(220203, 2202, 22, 'BAJO BIAVO', 1, NULL, NULL, NULL),
(220204, 2202, 22, 'HUALLAGA', 1, NULL, NULL, NULL),
(220205, 2202, 22, 'SAN PABLO', 1, NULL, NULL, NULL),
(220206, 2202, 22, 'SAN RAFAEL', 1, NULL, NULL, NULL),
(220301, 2203, 22, 'SAN JOSÉ DE SISA', 1, NULL, NULL, NULL),
(220302, 2203, 22, 'AGUA BLANCA', 1, NULL, NULL, NULL),
(220303, 2203, 22, 'SAN MARTÍN', 1, NULL, NULL, NULL),
(220304, 2203, 22, 'SANTA ROSA', 1, NULL, NULL, NULL),
(220305, 2203, 22, 'SHATOJA', 1, NULL, NULL, NULL),
(220401, 2204, 22, 'SAPOSOA', 1, NULL, NULL, NULL),
(220402, 2204, 22, 'ALTO SAPOSOA', 1, NULL, NULL, NULL),
(220403, 2204, 22, 'EL ESLABÓN', 1, NULL, NULL, NULL),
(220404, 2204, 22, 'PISCOYACU', 1, NULL, NULL, NULL),
(220405, 2204, 22, 'SACANCHE', 1, NULL, NULL, NULL),
(220406, 2204, 22, 'TINGO DE SAPOSOA', 1, NULL, NULL, NULL),
(220501, 2205, 22, 'LAMAS', 1, NULL, NULL, NULL),
(220502, 2205, 22, 'ALONSO DE ALVARADO', 1, NULL, NULL, NULL),
(220503, 2205, 22, 'BARRANQUITA', 1, NULL, NULL, NULL),
(220504, 2205, 22, 'CAYNARACHI', 1, NULL, NULL, NULL),
(220505, 2205, 22, 'CUÑUMBUQUI', 1, NULL, NULL, NULL),
(220506, 2205, 22, 'PINTO RECODO', 1, NULL, NULL, NULL),
(220507, 2205, 22, 'RUMISAPA', 1, NULL, NULL, NULL),
(220508, 2205, 22, 'SAN ROQUE DE CUMBAZA', 1, NULL, NULL, NULL),
(220509, 2205, 22, 'SHANAO', 1, NULL, NULL, NULL),
(220510, 2205, 22, 'TABALOSOS', 1, NULL, NULL, NULL),
(220511, 2205, 22, 'ZAPATERO', 1, NULL, NULL, NULL),
(220601, 2206, 22, 'JUANJUÍ', 1, NULL, NULL, NULL),
(220602, 2206, 22, 'CAMPANILLA', 1, NULL, NULL, NULL),
(220603, 2206, 22, 'HUICUNGO', 1, NULL, NULL, NULL),
(220604, 2206, 22, 'PACHIZA', 1, NULL, NULL, NULL),
(220605, 2206, 22, 'PAJARILLO', 1, NULL, NULL, NULL),
(220701, 2207, 22, 'PICOTA', 1, NULL, NULL, NULL),
(220702, 2207, 22, 'BUENOS AIRES', 1, NULL, NULL, NULL),
(220703, 2207, 22, 'CASPISAPA', 1, NULL, NULL, NULL),
(220704, 2207, 22, 'PILLUANA', 1, NULL, NULL, NULL),
(220705, 2207, 22, 'PUCACACA', 1, NULL, NULL, NULL),
(220706, 2207, 22, 'SAN CRISTÓBAL', 1, NULL, NULL, NULL),
(220707, 2207, 22, 'SAN HILARIÓN', 1, NULL, NULL, NULL),
(220708, 2207, 22, 'SHAMBOYACU', 1, NULL, NULL, NULL),
(220709, 2207, 22, 'TINGO DE PONASA', 1, NULL, NULL, NULL),
(220710, 2207, 22, 'TRES UNIDOS', 1, NULL, NULL, NULL),
(220801, 2208, 22, 'RIOJA', 1, NULL, NULL, NULL),
(220802, 2208, 22, 'AWAJUN', 1, NULL, NULL, NULL),
(220803, 2208, 22, 'ELÍAS SOPLIN VARGAS', 1, NULL, NULL, NULL),
(220804, 2208, 22, 'NUEVA CAJAMARCA', 1, NULL, NULL, NULL),
(220805, 2208, 22, 'PARDO MIGUEL', 1, NULL, NULL, NULL),
(220806, 2208, 22, 'POSIC', 1, NULL, NULL, NULL),
(220807, 2208, 22, 'SAN FERNANDO', 1, NULL, NULL, NULL),
(220808, 2208, 22, 'YORONGOS', 1, NULL, NULL, NULL),
(220809, 2208, 22, 'YURACYACU', 1, NULL, NULL, NULL),
(220901, 2209, 22, 'TARAPOTO', 1, NULL, NULL, NULL),
(220902, 2209, 22, 'ALBERTO LEVEAU', 1, NULL, NULL, NULL),
(220903, 2209, 22, 'CACATACHI', 1, NULL, NULL, NULL),
(220904, 2209, 22, 'CHAZUTA', 1, NULL, NULL, NULL),
(220905, 2209, 22, 'CHIPURANA', 1, NULL, NULL, NULL),
(220906, 2209, 22, 'EL PORVENIR', 1, NULL, NULL, NULL),
(220907, 2209, 22, 'HUIMBAYOC', 1, NULL, NULL, NULL),
(220908, 2209, 22, 'JUAN GUERRA', 1, NULL, NULL, NULL),
(220909, 2209, 22, 'LA BANDA DE SHILCAYO', 1, NULL, NULL, NULL),
(220910, 2209, 22, 'MORALES', 1, NULL, NULL, NULL),
(220911, 2209, 22, 'PAPAPLAYA', 1, NULL, NULL, NULL),
(220912, 2209, 22, 'SAN ANTONIO', 1, NULL, NULL, NULL),
(220913, 2209, 22, 'SAUCE', 1, NULL, NULL, NULL),
(220914, 2209, 22, 'SHAPAJA', 1, NULL, NULL, NULL),
(221001, 2210, 22, 'TOCACHE', 1, NULL, NULL, NULL),
(221002, 2210, 22, 'NUEVO PROGRESO', 1, NULL, NULL, NULL),
(221003, 2210, 22, 'POLVORA', 1, NULL, NULL, NULL),
(221004, 2210, 22, 'SHUNTE', 1, NULL, NULL, NULL),
(221005, 2210, 22, 'UCHIZA', 1, NULL, NULL, NULL),
(230101, 2301, 23, 'TACNA', 1, NULL, NULL, NULL),
(230102, 2301, 23, 'ALTO DE LA ALIANZA', 1, NULL, NULL, NULL),
(230103, 2301, 23, 'CALANA', 1, NULL, NULL, NULL),
(230104, 2301, 23, 'CIUDAD NUEVA', 1, NULL, NULL, NULL),
(230105, 2301, 23, 'INCLAN', 1, NULL, NULL, NULL),
(230106, 2301, 23, 'PACHIA', 1, NULL, NULL, NULL),
(230107, 2301, 23, 'PALCA', 1, NULL, NULL, NULL),
(230108, 2301, 23, 'POCOLLAY', 1, NULL, NULL, NULL),
(230109, 2301, 23, 'SAMA', 1, NULL, NULL, NULL),
(230110, 2301, 23, 'CORONEL GREGORIO ALBARRACÍN LANCHIPA', 1, NULL, NULL, NULL),
(230111, 2301, 23, 'LA YARADA LOS PALOS', 1, NULL, NULL, NULL),
(230201, 2302, 23, 'CANDARAVE', 1, NULL, NULL, NULL),
(230202, 2302, 23, 'CAIRANI', 1, NULL, NULL, NULL),
(230203, 2302, 23, 'CAMILACA', 1, NULL, NULL, NULL),
(230204, 2302, 23, 'CURIBAYA', 1, NULL, NULL, NULL),
(230205, 2302, 23, 'HUANUARA', 1, NULL, NULL, NULL),
(230206, 2302, 23, 'QUILAHUANI', 1, NULL, NULL, NULL),
(230301, 2303, 23, 'LOCUMBA', 1, NULL, NULL, NULL),
(230302, 2303, 23, 'ILABAYA', 1, NULL, NULL, NULL),
(230303, 2303, 23, 'ITE', 1, NULL, NULL, NULL),
(230401, 2304, 23, 'TARATA', 1, NULL, NULL, NULL),
(230402, 2304, 23, 'HÉROES ALBARRACÍN', 1, NULL, NULL, NULL),
(230403, 2304, 23, 'ESTIQUE', 1, NULL, NULL, NULL),
(230404, 2304, 23, 'ESTIQUE-PAMPA', 1, NULL, NULL, NULL),
(230405, 2304, 23, 'SITAJARA', 1, NULL, NULL, NULL),
(230406, 2304, 23, 'SUSAPAYA', 1, NULL, NULL, NULL),
(230407, 2304, 23, 'TARUCACHI', 1, NULL, NULL, NULL),
(230408, 2304, 23, 'TICACO', 1, NULL, NULL, NULL),
(240101, 2401, 24, 'TUMBES', 1, NULL, NULL, NULL),
(240102, 2401, 24, 'CORRALES', 1, NULL, NULL, NULL),
(240103, 2401, 24, 'LA CRUZ', 1, NULL, NULL, NULL),
(240104, 2401, 24, 'PAMPAS DE HOSPITAL', 1, NULL, NULL, NULL),
(240105, 2401, 24, 'SAN JACINTO', 1, NULL, NULL, NULL),
(240106, 2401, 24, 'SAN JUAN DE LA VIRGEN', 1, NULL, NULL, NULL),
(240201, 2402, 24, 'ZORRITOS', 1, NULL, NULL, NULL),
(240202, 2402, 24, 'CASITAS', 1, NULL, NULL, NULL),
(240203, 2402, 24, 'CANOAS DE PUNTA SAL', 1, NULL, NULL, NULL),
(240301, 2403, 24, 'ZARUMILLA', 1, NULL, NULL, NULL),
(240302, 2403, 24, 'AGUAS VERDES', 1, NULL, NULL, NULL),
(240303, 2403, 24, 'MATAPALO', 1, NULL, NULL, NULL),
(240304, 2403, 24, 'PAPAYAL', 1, NULL, NULL, NULL),
(250101, 2501, 25, 'CALLERIA', 1, NULL, NULL, NULL),
(250102, 2501, 25, 'CAMPOVERDE', 1, NULL, NULL, NULL),
(250103, 2501, 25, 'IPARIA', 1, NULL, NULL, NULL),
(250104, 2501, 25, 'MASISEA', 1, NULL, NULL, NULL),
(250105, 2501, 25, 'YARINACOCHA', 1, NULL, NULL, NULL),
(250106, 2501, 25, 'NUEVA REQUENA', 1, NULL, NULL, NULL),
(250107, 2501, 25, 'MANANTAY', 1, NULL, NULL, NULL),
(250201, 2502, 25, 'RAYMONDI', 1, NULL, NULL, NULL),
(250202, 2502, 25, 'SEPAHUA', 1, NULL, NULL, NULL),
(250203, 2502, 25, 'TAHUANIA', 1, NULL, NULL, NULL),
(250204, 2502, 25, 'YURUA', 1, NULL, NULL, NULL),
(250301, 2503, 25, 'PADRE ABAD', 1, NULL, NULL, NULL),
(250302, 2503, 25, 'IRAZOLA', 1, NULL, NULL, NULL),
(250303, 2503, 25, 'CURIMANA', 1, NULL, NULL, NULL),
(250304, 2503, 25, 'NESHUYA', 1, NULL, NULL, NULL),
(250305, 2503, 25, 'ALEXANDER VON HUMBOLDT', 1, NULL, NULL, NULL),
(250401, 2504, 25, 'PURUS', 1, NULL, NULL, NULL);